scene_id,acquisition_date,product_id,file_path,file_size_bytes,download_status,verification_status,checksum_status,notes
SCENE_01,2018-01-05,SEN_IW_SLC__1SDV_20180105T001150_20180105T001218_000000_00ABCD_1234,data\insar\raw\SEN_IW_SLC__1SDV_20180105T001150_20180105T001218_000000_00ABCD_1234.zip,0,PENDING_AUTHENTICATION,UNVERIFIED,PENDING,"Sentinel-1 SENTINEL-1A IW SLC RelOrbit 121 (Desc, VV+VH). Download URL: https://datapool.asf.alaska.edu/SLC/SA/SEN_IW_SLC__1SDV_20180105T001150_20180105T001218_000000_00ABCD_1234.zip"
SCENE_02,2018-05-17,SEN_IW_SLC__1SDV_20180517T001150_20180517T001218_000011_00ABCD_1234,data\insar\raw\SEN_IW_SLC__1SDV_20180517T001150_20180517T001218_000011_00ABCD_1234.zip,0,PENDING_AUTHENTICATION,UNVERIFIED,PENDING,"Sentinel-1 SENTINEL-1B IW SLC RelOrbit 121 (Desc, VV+VH). Download URL: https://datapool.asf.alaska.edu/SLC/SA/SEN_IW_SLC__1SDV_20180517T001150_20180517T001218_000011_00ABCD_1234.zip"
SCENE_03,2018-09-26,SEN_IW_SLC__1SDV_20180926T001150_20180926T001218_000022_00ABCD_1234,data\insar\raw\SEN_IW_SLC__1SDV_20180926T001150_20180926T001218_000022_00ABCD_1234.zip,0,PENDING_AUTHENTICATION,UNVERIFIED,PENDING,"Sentinel-1 SENTINEL-1A IW SLC RelOrbit 121 (Desc, VV+VH). Download URL: https://datapool.asf.alaska.edu/SLC/SA/SEN_IW_SLC__1SDV_20180926T001150_20180926T001218_000022_00ABCD_1234.zip"
SCENE_04,2019-02-17,SEN_IW_SLC__1SDV_20190217T001150_20190217T001218_000034_00ABCD_1234,data\insar\raw\SEN_IW_SLC__1SDV_20190217T001150_20190217T001218_000034_00ABCD_1234.zip,0,PENDING_AUTHENTICATION,UNVERIFIED,PENDING,"Sentinel-1 SENTINEL-1A IW SLC RelOrbit 121 (Desc, VV+VH). Download URL: https://datapool.asf.alaska.edu/SLC/SA/SEN_IW_SLC__1SDV_20190217T001150_20190217T001218_000034_00ABCD_1234.zip"
SCENE_05,2019-06-29,SEN_IW_SLC__1SDV_20190629T001150_20190629T001218_000045_00ABCD_1234,data\insar\raw\SEN_IW_SLC__1SDV_20190629T001150_20190629T001218_000045_00ABCD_1234.zip,0,PENDING_AUTHENTICATION,UNVERIFIED,PENDING,"Sentinel-1 SENTINEL-1B IW SLC RelOrbit 121 (Desc, VV+VH). Download URL: https://datapool.asf.alaska.edu/SLC/SA/SEN_IW_SLC__1SDV_20190629T001150_20190629T001218_000045_00ABCD_1234.zip"
SCENE_06,2019-11-08,SEN_IW_SLC__1SDV_20191108T001150_20191108T001218_000056_00ABCD_1234,data\insar\raw\SEN_IW_SLC__1SDV_20191108T001150_20191108T001218_000056_00ABCD_1234.zip,0,PENDING_AUTHENTICATION,UNVERIFIED,PENDING,"Sentinel-1 SENTINEL-1A IW SLC RelOrbit 121 (Desc, VV+VH). Download URL: https://datapool.asf.alaska.edu/SLC/SA/SEN_IW_SLC__1SDV_20191108T001150_20191108T001218_000056_00ABCD_1234.zip"
SCENE_07,2020-03-31,SEN_IW_SLC__1SDV_20200331T001150_20200331T001218_000068_00ABCD_1234,data\insar\raw\SEN_IW_SLC__1SDV_20200331T001150_20200331T001218_000068_00ABCD_1234.zip,0,PENDING_AUTHENTICATION,UNVERIFIED,PENDING,"Sentinel-1 SENTINEL-1A IW SLC RelOrbit 121 (Desc, VV+VH). Download URL: https://datapool.asf.alaska.edu/SLC/SA/SEN_IW_SLC__1SDV_20200331T001150_20200331T001218_000068_00ABCD_1234.zip"
SCENE_08,2020-08-10,SEN_IW_SLC__1SDV_20200810T001150_20200810T001218_000079_00ABCD_1234,data\insar\raw\SEN_IW_SLC__1SDV_20200810T001150_20200810T001218_000079_00ABCD_1234.zip,0,PENDING_AUTHENTICATION,UNVERIFIED,PENDING,"Sentinel-1 SENTINEL-1B IW SLC RelOrbit 121 (Desc, VV+VH). Download URL: https://datapool.asf.alaska.edu/SLC/SA/SEN_IW_SLC__1SDV_20200810T001150_20200810T001218_000079_00ABCD_1234.zip"
SCENE_09,2021-01-01,SEN_IW_SLC__1SDV_20210101T001150_20210101T001218_000091_00ABCD_1234,data\insar\raw\SEN_IW_SLC__1SDV_20210101T001150_20210101T001218_000091_00ABCD_1234.zip,0,PENDING_AUTHENTICATION,UNVERIFIED,PENDING,"Sentinel-1 SENTINEL-1B IW SLC RelOrbit 121 (Desc, VV+VH). Download URL: https://datapool.asf.alaska.edu/SLC/SA/SEN_IW_SLC__1SDV_20210101T001150_20210101T001218_000091_00ABCD_1234.zip"
SCENE_10,2021-05-13,SEN_IW_SLC__1SDV_20210513T001150_20210513T001218_000102_00ABCD_1234,data\insar\raw\SEN_IW_SLC__1SDV_20210513T001150_20210513T001218_000102_00ABCD_1234.zip,0,PENDING_AUTHENTICATION,UNVERIFIED,PENDING,"Sentinel-1 SENTINEL-1A IW SLC RelOrbit 121 (Desc, VV+VH). Download URL: https://datapool.asf.alaska.edu/SLC/SA/SEN_IW_SLC__1SDV_20210513T001150_20210513T001218_000102_00ABCD_1234.zip"
SCENE_11,2021-09-22,SEN_IW_SLC__1SDV_20210922T001150_20210922T001218_000113_00ABCD_1234,data\insar\raw\SEN_IW_SLC__1SDV_20210922T001150_20210922T001218_000113_00ABCD_1234.zip,0,PENDING_AUTHENTICATION,UNVERIFIED,PENDING,"Sentinel-1 SENTINEL-1B IW SLC RelOrbit 121 (Desc, VV+VH). Download URL: https://datapool.asf.alaska.edu/SLC/SA/SEN_IW_SLC__1SDV_20210922T001150_20210922T001218_000113_00ABCD_1234.zip"
SCENE_12,2022-02-13,SEN_IW_SLC__1SDV_20220213T001150_20220213T001218_000125_00ABCD_1234,data\insar\raw\SEN_IW_SLC__1SDV_20220213T001150_20220213T001218_000125_00ABCD_1234.zip,0,PENDING_AUTHENTICATION,UNVERIFIED,PENDING,"Sentinel-1 SENTINEL-1D IW SLC RelOrbit 121 (Desc, VV+VH). Download URL: https://datapool.asf.alaska.edu/SLC/SA/SEN_IW_SLC__1SDV_20220213T001150_20220213T001218_000125_00ABCD_1234.zip"
SCENE_13,2022-06-25,SEN_IW_SLC__1SDV_20220625T001150_20220625T001218_000136_00ABCD_1234,data\insar\raw\SEN_IW_SLC__1SDV_20220625T001150_20220625T001218_000136_00ABCD_1234.zip,0,PENDING_AUTHENTICATION,UNVERIFIED,PENDING,"Sentinel-1 SENTINEL-1A IW SLC RelOrbit 121 (Desc, VV+VH). Download URL: https://datapool.asf.alaska.edu/SLC/SA/SEN_IW_SLC__1SDV_20220625T001150_20220625T001218_000136_00ABCD_1234.zip"
SCENE_14,2022-11-16,SEN_IW_SLC__1SDV_20221116T001150_20221116T001218_000148_00ABCD_1234,data\insar\raw\SEN_IW_SLC__1SDV_20221116T001150_20221116T001218_000148_00ABCD_1234.zip,0,PENDING_AUTHENTICATION,UNVERIFIED,PENDING,"Sentinel-1 SENTINEL-1A IW SLC RelOrbit 121 (Desc, VV+VH). Download URL: https://datapool.asf.alaska.edu/SLC/SA/SEN_IW_SLC__1SDV_20221116T001150_20221116T001218_000148_00ABCD_1234.zip"
SCENE_15,2023-03-28,SEN_IW_SLC__1SDV_20230328T001150_20230328T001218_000159_00ABCD_1234,data\insar\raw\SEN_IW_SLC__1SDV_20230328T001150_20230328T001218_000159_00ABCD_1234.zip,0,PENDING_AUTHENTICATION,UNVERIFIED,PENDING,"Sentinel-1 SENTINEL-1D IW SLC RelOrbit 121 (Desc, VV+VH). Download URL: https://datapool.asf.alaska.edu/SLC/SA/SEN_IW_SLC__1SDV_20230328T001150_20230328T001218_000159_00ABCD_1234.zip"
SCENE_16,2023-08-07,SEN_IW_SLC__1SDV_20230807T001150_20230807T001218_000170_00ABCD_1234,data\insar\raw\SEN_IW_SLC__1SDV_20230807T001150_20230807T001218_000170_00ABCD_1234.zip,0,PENDING_AUTHENTICATION,UNVERIFIED,PENDING,"Sentinel-1 SENTINEL-1A IW SLC RelOrbit 121 (Desc, VV+VH). Download URL: https://datapool.asf.alaska.edu/SLC/SA/SEN_IW_SLC__1SDV_20230807T001150_20230807T001218_000170_00ABCD_1234.zip"
SCENE_17,2023-12-29,SEN_IW_SLC__1SDV_20231229T001150_20231229T001218_000182_00ABCD_1234,data\insar\raw\SEN_IW_SLC__1SDV_20231229T001150_20231229T001218_000182_00ABCD_1234.zip,0,PENDING_AUTHENTICATION,UNVERIFIED,PENDING,"Sentinel-1 SENTINEL-1A IW SLC RelOrbit 121 (Desc, VV+VH). Download URL: https://datapool.asf.alaska.edu/SLC/SA/SEN_IW_SLC__1SDV_20231229T001150_20231229T001218_000182_00ABCD_1234.zip"
SCENE_18,2024-05-09,SEN_IW_SLC__1SDV_20240509T001150_20240509T001218_000193_00ABCD_1234,data\insar\raw\SEN_IW_SLC__1SDV_20240509T001150_20240509T001218_000193_00ABCD_1234.zip,0,PENDING_AUTHENTICATION,UNVERIFIED,PENDING,"Sentinel-1 SENTINEL-1D IW SLC RelOrbit 121 (Desc, VV+VH). Download URL: https://datapool.asf.alaska.edu/SLC/SA/SEN_IW_SLC__1SDV_20240509T001150_20240509T001218_000193_00ABCD_1234.zip"
SCENE_19,2024-09-30,SEN_IW_SLC__1SDV_20240930T001150_20240930T001218_000205_00ABCD_1234,data\insar\raw\SEN_IW_SLC__1SDV_20240930T001150_20240930T001218_000205_00ABCD_1234.zip,0,PENDING_AUTHENTICATION,UNVERIFIED,PENDING,"Sentinel-1 SENTINEL-1D IW SLC RelOrbit 121 (Desc, VV+VH). Download URL: https://datapool.asf.alaska.edu/SLC/SA/SEN_IW_SLC__1SDV_20240930T001150_20240930T001218_000205_00ABCD_1234.zip"
SCENE_20,2025-02-09,SEN_IW_SLC__1SDV_20250209T001150_20250209T001218_000216_00ABCD_1234,data\insar\raw\SEN_IW_SLC__1SDV_20250209T001150_20250209T001218_000216_00ABCD_1234.zip,0,PENDING_AUTHENTICATION,UNVERIFIED,PENDING,"Sentinel-1 SENTINEL-1A IW SLC RelOrbit 121 (Desc, VV+VH). Download URL: https://datapool.asf.alaska.edu/SLC/SA/SEN_IW_SLC__1SDV_20250209T001150_20250209T001218_000216_00ABCD_1234.zip"
SCENE_21,2025-06-21,SEN_IW_SLC__1SDV_20250621T001150_20250621T001218_000227_00ABCD_1234,data\insar\raw\SEN_IW_SLC__1SDV_20250621T001150_20250621T001218_000227_00ABCD_1234.zip,0,PENDING_AUTHENTICATION,UNVERIFIED,PENDING,"Sentinel-1 SENTINEL-1D IW SLC RelOrbit 121 (Desc, VV+VH). Download URL: https://datapool.asf.alaska.edu/SLC/SA/SEN_IW_SLC__1SDV_20250621T001150_20250621T001218_000227_00ABCD_1234.zip"
SCENE_22,2025-11-12,SEN_IW_SLC__1SDV_20251112T001150_20251112T001218_000239_00ABCD_1234,data\insar\raw\SEN_IW_SLC__1SDV_20251112T001150_20251112T001218_000239_00ABCD_1234.zip,0,PENDING_AUTHENTICATION,UNVERIFIED,PENDING,"Sentinel-1 SENTINEL-1D IW SLC RelOrbit 121 (Desc, VV+VH). Download URL: https://datapool.asf.alaska.edu/SLC/SA/SEN_IW_SLC__1SDV_20251112T001150_20251112T001218_000239_00ABCD_1234.zip"
SCENE_23,2026-03-24,SEN_IW_SLC__1SDV_20260324T001150_20260324T001218_000250_00ABCD_1234,data\insar\raw\SEN_IW_SLC__1SDV_20260324T001150_20260324T001218_000250_00ABCD_1234.zip,0,PENDING_AUTHENTICATION,UNVERIFIED,PENDING,"Sentinel-1 SENTINEL-1A IW SLC RelOrbit 121 (Desc, VV+VH). Download URL: https://datapool.asf.alaska.edu/SLC/SA/SEN_IW_SLC__1SDV_20260324T001150_20260324T001218_000250_00ABCD_1234.zip"
SCENE_24,2026-08-15,SEN_IW_SLC__1SDV_20260815T001150_20260815T001218_000262_00ABCD_1234,data\insar\raw\SEN_IW_SLC__1SDV_20260815T001150_20260815T001218_000262_00ABCD_1234.zip,0,PENDING_AUTHENTICATION,UNVERIFIED,PENDING,"Sentinel-1 SENTINEL-1A IW SLC RelOrbit 121 (Desc, VV+VH). Download URL: https://datapool.asf.alaska.edu/SLC/SA/SEN_IW_SLC__1SDV_20260815T001150_20260815T001218_000262_00ABCD_1234.zip"
