kaggle_idx,title,event_date,date_precision,state,district,location,latitude,longitude,event_type,description,kaggle_source,original_source,original_source_url,is_duplicate,verification_status,confidence,event_id
3,"Landslide in and around Longmai-Khumji Noney Area, Noney District, Manipur (June-July, 2020)",2020-07-00,Month-Year,Manipur,Parsed District,"Landslide in and around Longmai-Khumji Noney Area, Noney District, Manipur (June-July, 2020)",24.8554,24.8554,LANDSLIDE,"The Longmai landslide (Lat: 24°51’19.3”N and Lon: 93°37’26.5”E) occurred during the last week of June, 2020, along the upslope of the NH-37, the Imphal- Jiribam road about 500 meters from Noney Bazar towards Imphal. The landslide occurred at the eastern flank (hill slope of 45° toward 130° at slidin...",kkhandekar/lanslide-recent-incidents-india,Geological Survey of India (GSI) Special Incident Bulletins (2016-2020),https://gsi.gov.in / https://bhukosh.gsi.gov.in,True,PARTIALLY_VERIFIED,HIGH,KAG_NER_EV_001
4,"Landslide around Mao Town, Senapati District, Manipur (July, 2020)",2020-07-00,Month-Year,Manipur,Parsed District,"Landslide around Mao Town, Senapati District, Manipur (July, 2020)",25.5159,94.1365,LANDSLIDE,The Mao landslide (Lat: 25°30’57.3”N and Lon: 94°08’11.5”E) has affected an area of about 0.6 sq.km. posing immense risk to the critical road infrastructure and affecting the residential and commercial buildings along the NH-2 due to the development of tensional cracks and subsidence of the road ben...,kkhandekar/lanslide-recent-incidents-india,Geological Survey of India (GSI) Special Incident Bulletins (2016-2020),https://gsi.gov.in / https://bhukosh.gsi.gov.in,True,PARTIALLY_VERIFIED,HIGH,KAG_NER_EV_002
5,"Landslide at Tigdo Village, Papumpare District, Arunachal Pradesh (10th July, 2020)",2020-07-10,Exact Day,Arunachal Pradesh,Parsed District,"Tigdo Village, Papumpare District, Arunachal Pradesh (10th July, 2020)",,,LANDSLIDE,"A landslide occurred at Tigdo Village under Doimukh circle, Papumpare district, at around 2:30 am on 10.07.2020, due to heavy rain. As a result of the landslide, a house was totally damaged and 4 persons of a family buried and causes loss of property. The main causative factor is the continuous heav...",kkhandekar/lanslide-recent-incidents-india,Geological Survey of India (GSI) Special Incident Bulletins (2016-2020),https://gsi.gov.in / https://bhukosh.gsi.gov.in,True,PARTIALLY_VERIFIED,HIGH,KAG_NER_EV_003
6,"Landslide at Donyi Colony, Papumpare District, Arunachal Pradesh (25th June, 2020)",2020-06-25,Exact Day,Arunachal Pradesh,Parsed District,"Donyi Colony, Papumpare District, Arunachal Pradesh (25th June, 2020)",27.0813,,SLOPE FAILURE,"A landslide occurred at Donyi Colony, Itanagar, Papumpare district, Arunachal Pradesh, at around 8:12 am on 25.06.2020. The landslide (Lat: 27⁰ 04'52.7""N and Lon: 93⁰ 36' 46.2""E) is initiated due to the outward and downward movement of unstable slope material resulting into loss of life (a two-year-...",kkhandekar/lanslide-recent-incidents-india,Geological Survey of India (GSI) Special Incident Bulletins (2016-2020),https://gsi.gov.in / https://bhukosh.gsi.gov.in,False,VERIFIED,HIGH,KAG_NER_EV_004
7,"Landslide at Cachar, Hailakandi and Karimganj District, Assam (June, 2020)",2020-06-00,Month-Year,Assam,Parsed District,"Cachar, Hailakandi and Karimganj District, Assam (June, 2020)",,,SLOPE FAILURE,"In the first week of June 2020, several parts of Barak Valley comprising three districts of Assam viz., Cachar, Hailakandi and Karimganj were affected by eight (08) nos. of landslides triggered by incessant and heavy rainfall. The landslides are spread over four (04) Toposheets: two landslides, viz....",kkhandekar/lanslide-recent-incidents-india,Geological Survey of India (GSI) Special Incident Bulletins (2016-2020),https://gsi.gov.in / https://bhukosh.gsi.gov.in,False,PARTIALLY_VERIFIED,HIGH,KAG_NER_EV_005
8,"Landslide at Jowai, Kabi Village, West Jaintia Hills District, Meghalaya (26 May, 2020)",2020-05-26,Exact Day,Meghalaya,Parsed District,"Jowai, Kabi Village, West Jaintia Hills District, Meghalaya (26 May, 2020)",,,LANDSLIDE,"Eight numbers of landslides of varying dimensions has occurred on 26th May 2020 at different localities within the Jowai Township affecting the residential areas, as a result of the incessant rainfall in the preceding days. The primary triggering factor of the documented landslides is heavy antecede...",kkhandekar/lanslide-recent-incidents-india,Geological Survey of India (GSI) Special Incident Bulletins (2016-2020),https://gsi.gov.in / https://bhukosh.gsi.gov.in,True,PARTIALLY_VERIFIED,HIGH,KAG_NER_EV_006
9,"Landslide at Dhare & Sitala, Kabi Village, North Sikkim District, Sikkim (24 May, 2020)",2020-05-24,Exact Day,Sikkim,Parsed District,"Dhare & Sitala, Kabi Village, North Sikkim District, Sikkim (24 May, 2020)",27.3987,88.6236,SLOPE FAILURE,"Two landslides occurred one each at Dhare and Sitala area, on 24th May 2020, 04 km away from Kabi Village towards Gangtok on North Sikkim Highway (NH 310A).  The coordinates of the Dhare landslide (Lat: 27° 23′ 55.2″N and Lon: 88° 37′ 24.9″E) and Sitala landslide (Lat: 27° 23′ 54.2″N and Lon: 88° 37...",kkhandekar/lanslide-recent-incidents-india,Geological Survey of India (GSI) Special Incident Bulletins (2016-2020),https://gsi.gov.in / https://bhukosh.gsi.gov.in,False,VERIFIED,HIGH,KAG_NER_EV_007
10,"Landslide at Kabi Village, North Sikkim District, Sikkim (24 May, 2020)",2020-05-24,Exact Day,Sikkim,Parsed District,"Kabi Village, North Sikkim District, Sikkim (24 May, 2020)",27.3931,88.6353,LANDSLIDE,"A landslide got reactivated on 24th May 2020, near upper Kabi Village area on the state highway, adjacent to the border between East and North Sikkim Districts of Sikkim, causing disruption of traffic.  The location is about 22 km from Gangtok on Gangtok- Mangan North Sikkim Highway via Phodong. The...",kkhandekar/lanslide-recent-incidents-india,Geological Survey of India (GSI) Special Incident Bulletins (2016-2020),https://gsi.gov.in / https://bhukosh.gsi.gov.in,False,VERIFIED,HIGH,KAG_NER_EV_008
11,"Landslide at Mawlai-Umjapung, East Khasi Hills District, Meghalaya (21 May, 2020)",2020-05-21,Exact Day,Meghalaya,Parsed District,"Mawlai-Umjapung, East Khasi Hills District, Meghalaya (21 May, 2020)",25.62,91.8827,LANDSLIDE,"A landslide occurred at Mawlai-Umjapung about 50 m East of NH-40 on 21st May 2020 around 1:00 pm. It was reported that the landslide had partially buried a house (Lat: 25° 37’ 12” N, Lon: 91° 52’ 57.8” E), when a retaining wall collapsed after incessant rainfall. About 20 m x 15 m area on the gently...",kkhandekar/lanslide-recent-incidents-india,Geological Survey of India (GSI) Special Incident Bulletins (2016-2020),https://gsi.gov.in / https://bhukosh.gsi.gov.in,False,VERIFIED,HIGH,KAG_NER_EV_009
12,"Landslide at Bhandari Town, Wokha District, Nagaland (Nov 2019)",2019-11-00,Month-Year,Manipur,Parsed District,"Bhandari Town, Wokha District, Nagaland (Nov 2019)",26.2765,94.1317,LANDSLIDE,"A landslide was observed at about 2 km southeast of Bhandari Town (Lat: 26⁰ 16′ 35.3″ N, Lon: 94⁰ 07′ 54.3″ E), Wokha District, Nagaland during fieldwork by Officers of SU: Manipur & Nagaland in November, 2019. The landslide has occurred on the western slope of hill and multi-temporal Google-Earth i...",kkhandekar/lanslide-recent-incidents-india,Geological Survey of India (GSI) Special Incident Bulletins (2016-2020),https://gsi.gov.in / https://bhukosh.gsi.gov.in,False,PARTIALLY_VERIFIED,HIGH,KAG_NER_EV_010
13,"Landslide at NIT Campus, Dimapur District, Nagaland (26 Oct, 2019)",2019-10-26,Exact Day,Nagaland,Parsed District,"NIT Campus, Dimapur District, Nagaland (26 Oct, 2019)",25.6818,94.0681,LANDSLIDE,"A landslide had taken place on 26th October, 2019 on the north western flank of NIT campus, Dimapur, Nagaland, due to the continuous rainfall for consecutive two days. The area falls in the Survey of India toposheet no. 83G/13 (Lat: 25° 40' 54.34"" N, Lon: 94° 04' 5.23"" E). The slide had damaged the ...",kkhandekar/lanslide-recent-incidents-india,Geological Survey of India (GSI) Special Incident Bulletins (2016-2020),https://gsi.gov.in / https://bhukosh.gsi.gov.in,False,VERIFIED,HIGH,KAG_NER_EV_011
14,"Landslide at Amiya Nagar, Chandmari and Nilachalpur Bezbzruah Nagar, Guwahati, Assam (10th & 16th  July 2019)",2019-07-16,Exact Day,Assam,Parsed District,"Amiya Nagar, Chandmari and Nilachalpur Bezbzruah Nagar, Guwahati, Assam (10th & 16th  July 2019)",,49.6572,LANDSLIDE,"Due to heavy rainfall from 10th to 17th July, 2019, two landslides occurred at Amiya Nagar, Chandmari and at Nilachalpur Bezbaruah Nagar, Guwahati, Assam.  On 10th July 2019, a part of the road along with the retaining wall collapsed, along the approach road to the hills, near Holy Child School, Cha...",kkhandekar/lanslide-recent-incidents-india,Geological Survey of India (GSI) Special Incident Bulletins (2016-2020),https://gsi.gov.in / https://bhukosh.gsi.gov.in,False,PARTIALLY_VERIFIED,HIGH,KAG_NER_EV_012
17,"Landslide at BSUP Complex, Durtlang Leitan, Durtlang, Aizawl District, Aizawl (02nd  July 2019)",2019-07-02,Exact Day,Unknown NER,Parsed District,"BSUP Complex, Durtlang Leitan, Durtlang, Aizawl District, Aizawl (02nd  July 2019)",,,LANDSLIDE,"Due to continues rainfall for an week, debris slide, at BSUP Complex (N 23° 46′ 19.4″ & E 92° 44′ 37.5″), 20kms NNE of Aizawl, occurred killing  three persons and injuring nine. Three pucca residential blocks of the top row of the BSUP Complex were severely damaged by the rock blocks and debris from...",kkhandekar/lanslide-recent-incidents-india,Geological Survey of India (GSI) Special Incident Bulletins (2016-2020),https://gsi.gov.in / https://bhukosh.gsi.gov.in,False,PARTIALLY_VERIFIED,HIGH,KAG_NER_EV_013
18,"Landslide at Siang, East District, Sikkim (June 2019)",2019-06-00,Month-Year,Sikkim,Parsed District,"Siang, East District, Sikkim (June 2019)",,,LANDSLIDE,"The Siang rock slide occurred approximately at a distance of 20kms from Gangtok on the Gangtok-Rangpo-Siliguri National Highway-31 (N 27° 15’ 0.9’’ & E 88° 31’ 52.9”, SOI Toposheet No. 78A/11). The boulders from the landslide blocked the road disrupting traffic....",kkhandekar/lanslide-recent-incidents-india,Geological Survey of India (GSI) Special Incident Bulletins (2016-2020),https://gsi.gov.in / https://bhukosh.gsi.gov.in,True,PARTIALLY_VERIFIED,HIGH,KAG_NER_EV_014
19,"Landslide at Zhekhise, Dimapur District, Nagaland (9th May 2019)",2019-05-09,Exact Day,Nagaland,Parsed District,"Zhekhise, Dimapur District, Nagaland (9th May 2019)",,,LANDSLIDE,"On 9th May 2019, a landslide occurred in the river bank of the NE flowing Rengma River. The continuous rainfall in the preceding few days, because of Cyclone Fani, triggered the slide and erosion on the banks led to collapse of road....",kkhandekar/lanslide-recent-incidents-india,Geological Survey of India (GSI) Special Incident Bulletins (2016-2020),https://gsi.gov.in / https://bhukosh.gsi.gov.in,False,PARTIALLY_VERIFIED,HIGH,KAG_NER_EV_015
20,"Landslide at Palzor stadium road, near Tamang monastery, Gangtok, East District, Sikkim (23rd April 2019)",2019-04-23,Exact Day,Sikkim,Parsed District,"Palzor stadium road, near Tamang monastery, Gangtok, East District, Sikkim (23rd April 2019)",5.4278,,LANDSLIDE,"On 23rd April 2019, a shallow debris slide occurred at a location (N 27° 20’ 17.7” & E 88° 36’32.8’’), caused due to modification of the slope in the construction of a house. The slope failed because of oversaturation during the rainy season. It is a shallow translational slide having depth of failu...",kkhandekar/lanslide-recent-incidents-india,Geological Survey of India (GSI) Special Incident Bulletins (2016-2020),https://gsi.gov.in / https://bhukosh.gsi.gov.in,False,VERIFIED,HIGH,KAG_NER_EV_016
21,,Unknown,Unknown,Sikkim,Parsed District,,,,LANDSLIDE,Incessant rain fall caused rock slide (N 27° 22’ 51.88” & E 88° 38’ 26.28”) along Gangtok-Mangan road disrupting the vehicular traffic along the road connecting Gangtok city to North Sikkim....,kkhandekar/lanslide-recent-incidents-india,Geological Survey of India (GSI) Special Incident Bulletins (2016-2020),https://gsi.gov.in / https://bhukosh.gsi.gov.in,False,PARTIALLY_VERIFIED,HIGH,KAG_NER_EV_017
22,"Landslides at Jorabat and Kharghuli areas of Guwahati , Assam (24th and 31st August 2018)",2018-08-31,Exact Day,Assam,Parsed District,"Landslides at Jorabat and Kharghuli areas of Guwahati , Assam (24th and 31st August 2018)",,,LANDSLIDE,"In Guwahati, Assam, heavy rainfall on 24th August 2018 caused landslides at Hastinapur and Sankardev Nagar in Jorabat area with 03 casualties and on 31st August 2018 a landslide in Kharguli area damaged infrastructures...",kkhandekar/lanslide-recent-incidents-india,Geological Survey of India (GSI) Special Incident Bulletins (2016-2020),https://gsi.gov.in / https://bhukosh.gsi.gov.in,False,PARTIALLY_VERIFIED,HIGH,KAG_NER_EV_018
26,"Landslide incidence at Upper Syari, Deorali-Gangtok, East district, Sikkim (10 August, 2018)",2018-08-10,Exact Day,Sikkim,Parsed District,"Landslide incidence at Upper Syari, Deorali-Gangtok, East district, Sikkim (10 August, 2018)",,,LANDSLIDE,"A large crack was reported on 09.08.2018 on Upper Syari road, near Deorali, Gangtok, East District, Sikkim. The landslide located (27°18’57”N and 88°36’24”E) in the vicinity of the residential complex of Auditor General (AG), Sikkim was initiated on 10.08.2018....",kkhandekar/lanslide-recent-incidents-india,Geological Survey of India (GSI) Special Incident Bulletins (2016-2020),https://gsi.gov.in / https://bhukosh.gsi.gov.in,False,PARTIALLY_VERIFIED,HIGH,KAG_NER_EV_019
27,"Subsidence between unit location of 1st BN Sikkim Scouts and the road stretch (JNM axis) ahead of MS-8, Gangtok, East district, Sikkim (August 2018)",2018-08-00,Month-Year,Sikkim,Parsed District,"Subsidence between unit location of 1st BN Sikkim Scouts and the road stretch (JNM axis) ahead of MS-8, Gangtok, East district, Sikkim (August 2018)",,,LANDSLIDE,"During August 2018 subsidence occurred around “paleo-landslide near 1st BN Sikkim Scouts and the road stretch (JNM axis) ahead of MS-8 with development of 10-20m long cracks on roads, footpaths, culverts and on the floor of residential houses along with ground settlement....",kkhandekar/lanslide-recent-incidents-india,Geological Survey of India (GSI) Special Incident Bulletins (2016-2020),https://gsi.gov.in / https://bhukosh.gsi.gov.in,False,PARTIALLY_VERIFIED,HIGH,KAG_NER_EV_020
28,"Landslide incidence at Lokchao village, Tengnoupal District, Manipur (02 August 2018)",2018-08-02,Exact Day,Manipur,Parsed District,"Landslide incidence at Lokchao village, Tengnoupal District, Manipur (02 August 2018)",,102.5939,SLOPE FAILURE,"Excessive rainfall triggered the Lokchao rockslide (24°19´31.6´´N, 94°13´57.3´´E) occurred along Imphal-Moreh Road [NH-102] on 2nd August, 2018 blocking the road. The main causes of the slide includes extensive slope cutting exposing 18m steep cut slope....",kkhandekar/lanslide-recent-incidents-india,Geological Survey of India (GSI) Special Incident Bulletins (2016-2020),https://gsi.gov.in / https://bhukosh.gsi.gov.in,False,PARTIALLY_VERIFIED,HIGH,KAG_NER_EV_021
29,"Landslide incidence near Kabi, border between East and North Disitrict, Sikkim  (2nd August 2018)",2018-08-02,Exact Day,Sikkim,Parsed District,"Landslide incidence near Kabi, border between East and North Disitrict, Sikkim  (2nd August 2018)",,,LANDSLIDE,On 2nd  August 2018 incessant rainfall reactivated a landslide that occurred in mid-July along the state highway  about 22 km from Gangtok on Gangtok-Mangan road via Phoodong causing disruption of traffic. The landslide is a planner rock slide blocking the road for a week....,kkhandekar/lanslide-recent-incidents-india,Geological Survey of India (GSI) Special Incident Bulletins (2016-2020),https://gsi.gov.in / https://bhukosh.gsi.gov.in,False,PARTIALLY_VERIFIED,HIGH,KAG_NER_EV_022
30,"Landslide incidence at Kalikhola, Kangpokpi District, Manipur ( 23 July 2018)",2018-07-23,Exact Day,Manipur,Parsed District,"Landslide incidence at Kalikhola, Kangpokpi District, Manipur ( 23 July 2018)",,,LANDSLIDE,"Heavy rainfall triggered reactivation of Kalikhola landslide at Kangpokpi District, Manipur. A second landslide also was initiated in its vicinity. The debris from these adjacent landslides damaged a village foot track and blocked a nala (Kali Lok) resulting in formation of a small lake along the ri...",kkhandekar/lanslide-recent-incidents-india,Geological Survey of India (GSI) Special Incident Bulletins (2016-2020),https://gsi.gov.in / https://bhukosh.gsi.gov.in,False,PARTIALLY_VERIFIED,HIGH,KAG_NER_EV_023
31,"Landslide incidence at New Salem, New Kanan and Neigailong villages of Tamenglong District, Manipur (11th July 2018)",2018-07-11,Exact Day,Manipur,Parsed District,"Landslide incidence at New Salem, New Kanan and Neigailong villages of Tamenglong District, Manipur (11th July 2018)",,,LANDSLIDE,"Heavy rainfall triggered landslides at New Salem, New Kanan and Neigailong villages of Tamenglong  district on 11th July 2018 with reported loss of nine lives (two in New Salem, two in New Kanan and five in Neigailong village). At New salem, construction of house at the foot of unconsolidated dumped...",kkhandekar/lanslide-recent-incidents-india,Geological Survey of India (GSI) Special Incident Bulletins (2016-2020),https://gsi.gov.in / https://bhukosh.gsi.gov.in,False,PARTIALLY_VERIFIED,HIGH,KAG_NER_EV_024
32,"Landslide incidence at Kikruma, Phek district, Nagaland (July, 2018)",2018-07-00,Month-Year,Nagaland,Parsed District,"Landslide incidence at Kikruma, Phek district, Nagaland (July, 2018)",,,LANDSLIDE,"Heavy rainfall for one week during the last week of July, 2018 led to rising water level in the Sidzu river as well as saturation of the weak slope forming for the area around Kikruma village, leading to the initiation of a conspicuous debris slide. The landslide debris blocked the Sidzu river and l...",kkhandekar/lanslide-recent-incidents-india,Geological Survey of India (GSI) Special Incident Bulletins (2016-2020),https://gsi.gov.in / https://bhukosh.gsi.gov.in,True,PARTIALLY_VERIFIED,HIGH,KAG_NER_EV_025
33,"Landslide incidence at New Heaven-Lamlang Gate section of Imphal-Ukhrul road, Ukhrul district, Manipur (July 2018)",2018-07-00,Month-Year,Manipur,Parsed District,"Landslide incidence at New Heaven-Lamlang Gate section of Imphal-Ukhrul road, Ukhrul district, Manipur (July 2018)",,24.9929,LANDSLIDE,"The landslide along New Heaven-Lamlang Gate section of Old Imphal-Ukhrul road (24°59’34.4”N, 94°13’50.1”E) was blocked during the first week of July, 2018 (as per local residents) hindering traffic....",kkhandekar/lanslide-recent-incidents-india,Geological Survey of India (GSI) Special Incident Bulletins (2016-2020),https://gsi.gov.in / https://bhukosh.gsi.gov.in,True,PARTIALLY_VERIFIED,HIGH,KAG_NER_EV_026
35,"Landslide incidence along Lumding–Badarpur Railway Line, Dima Hasao district, Assam (14 June, 2018)",2018-06-14,Exact Day,Assam,Parsed District,"Landslide incidence along Lumding–Badarpur Railway Line, Dima Hasao district, Assam (14 June, 2018)",,305.3175,LANDSLIDE,"Incessant rainfall from 12th to 14th June, 2018 triggered landslides blocking the Lumding–Badarpur railway service in Dima Hasao district of Assam. A high 382 mm of rainfall was recorded on 14.06.2018 which triggered four landslides between 2:00 PM and 3:00 PM along the Lumding–Badarpur Railway Line...",kkhandekar/lanslide-recent-incidents-india,Geological Survey of India (GSI) Special Incident Bulletins (2016-2020),https://gsi.gov.in / https://bhukosh.gsi.gov.in,False,PARTIALLY_VERIFIED,HIGH,KAG_NER_EV_027
36,"Landslide incidence south of Leiting village along NH-102A Ukhrul district, Manipur (14th June 2018)",2018-06-14,Exact Day,Manipur,Parsed District,"Landslide incidence south of Leiting village along NH-102A Ukhrul district, Manipur (14th June 2018)",,,LANDSLIDE,"On 14th June, 2018, heavy rainfall triggered landslide at about 1.5 km south of Leiting Village damaging and blocking traffic along NH-102A....",kkhandekar/lanslide-recent-incidents-india,Geological Survey of India (GSI) Special Incident Bulletins (2016-2020),https://gsi.gov.in / https://bhukosh.gsi.gov.in,False,PARTIALLY_VERIFIED,HIGH,KAG_NER_EV_028
37,"Landslide incidence on NH-37 at 5 km SSW of Kotlen, Noney district, Manipur (12th June 2018)",2018-06-12,Exact Day,Manipur,Parsed District,"Landslide incidence on NH-37 at 5 km SSW of Kotlen, Noney district, Manipur (12th June 2018)",24.7913,37.09,LANDSLIDE,"On 12th June 2018, heavy rainfall triggered a massive landslide along NH-37 about 5 km SSW of Kotlen (Lat: 24°47´28.7″N and Long: 93°44′8.4″E) and 12 nos of medium to small size landslides along the Highway....",kkhandekar/lanslide-recent-incidents-india,Geological Survey of India (GSI) Special Incident Bulletins (2016-2020),https://gsi.gov.in / https://bhukosh.gsi.gov.in,False,VERIFIED,HIGH,KAG_NER_EV_029
39,"Landslide incidence on NH-37, near Kotlen village, Noney district, Manipur (6th June 2018)",2018-06-06,Exact Day,Manipur,Parsed District,"Landslide incidence on NH-37, near Kotlen village, Noney district, Manipur (6th June 2018)",24.7817,93.7761,LANDSLIDE,"The landslide located at Lat. 24°46'54.10""N and Long. 93°46'33.80""E occurred on 6th June 2018 and caused reported blockage of the Imphal-Jiribam Road. The landslide is a reactivation of an old landslide that has occurred due to antecedent heavy rainfall....",kkhandekar/lanslide-recent-incidents-india,Geological Survey of India (GSI) Special Incident Bulletins (2016-2020),https://gsi.gov.in / https://bhukosh.gsi.gov.in,False,VERIFIED,HIGH,KAG_NER_EV_030
40,"Landslide incidence at Lunglawn, Lunglei Town, Lunglei district, Mizoram (4th June 2018)",2018-06-04,Exact Day,Mizoram,Parsed District,"Landslide incidence at Lunglawn, Lunglei Town, Lunglei district, Mizoram (4th June 2018)",,4.2361,LANDSLIDE,"The Lunglawn landslide which occurred at 18:30 hrs on 4th June, 2018 led to loss of 10 lives. The landslide which got triggered by reported antecedent heavy rainfall received during the whole day destroyed and buried one pucca house along with its occupants. Immediate rescue operation by neighbors a...",kkhandekar/lanslide-recent-incidents-india,Geological Survey of India (GSI) Special Incident Bulletins (2016-2020),https://gsi.gov.in / https://bhukosh.gsi.gov.in,False,PARTIALLY_VERIFIED,HIGH,KAG_NER_EV_031
43,"Landslide incidence on Tuensang-Chessore-Shamatore road, Tuensang District, Nagaland (21st May 2018)",2018-05-21,Exact Day,Nagaland,Parsed District,"Landslide incidence on Tuensang-Chessore-Shamatore road, Tuensang District, Nagaland (21st May 2018)",26.1124,94.7567,LANDSLIDE,"The site is located at Lat. 26°6'44.80""N and Long. 94°45'24.30""E falling in the SOI toposheet no. 83 J/16....",kkhandekar/lanslide-recent-incidents-india,Geological Survey of India (GSI) Special Incident Bulletins (2016-2020),https://gsi.gov.in / https://bhukosh.gsi.gov.in,False,VERIFIED,HIGH,KAG_NER_EV_032
44,"Landslide incidence in Hezamara and Bel Bari blocks of West Tripura district and Ompi block of Gomati district, Tripura (18th May, 2018)",2018-05-18,Exact Day,Tripura,Parsed District,"Landslide incidence in Hezamara and Bel Bari blocks of West Tripura district and Ompi block of Gomati district, Tripura (18th May, 2018)",,,LANDSLIDE,"Subsequent to incessant heavy rainfall on 18th May 2018, a number of landslides were reported in different parts of Tripura resulting in the loss of six (06) lives and injuring several people in three different incidences in Hezamara and Bel Bari blocks of West Tripura district and in Ompi block of ...",kkhandekar/lanslide-recent-incidents-india,Geological Survey of India (GSI) Special Incident Bulletins (2016-2020),https://gsi.gov.in / https://bhukosh.gsi.gov.in,False,PARTIALLY_VERIFIED,HIGH,KAG_NER_EV_033
45,"Landslide incidence at Sonapur, East Jaintia Hills District, Meghalaya (7th May 2018 )",2018-05-07,Exact Day,Assam,Parsed District,"Landslide incidence at Sonapur, East Jaintia Hills District, Meghalaya (7th May 2018 )",,6.17,LANDSLIDE,"On 7th May 2018 (01:00hrs), heavy rainfall triggered few landslides along NH-6 connecting Shillong with Barak Valley of Assam, Mizoram and Tripura which blocked 10m stretch of the important road corridor for more than 12 hours....",kkhandekar/lanslide-recent-incidents-india,Geological Survey of India (GSI) Special Incident Bulletins (2016-2020),https://gsi.gov.in / https://bhukosh.gsi.gov.in,False,PARTIALLY_VERIFIED,HIGH,KAG_NER_EV_034
46,"Landslide incidence along NH-37, near Makru-bridge over Makru river, Tamenglong District, Manipur (3rd May 2018)",2018-05-03,Exact Day,Manipur,Parsed District,"Landslide incidence along NH-37, near Makru-bridge over Makru river, Tamenglong District, Manipur (3rd May 2018)",,,LANDSLIDE,"On 3rd May 2018 rainfall triggered landslide along NH-37, near Makru bridge along Imphal-Jiribam Highway damaging an approx. 205 m length of road....",kkhandekar/lanslide-recent-incidents-india,Geological Survey of India (GSI) Special Incident Bulletins (2016-2020),https://gsi.gov.in / https://bhukosh.gsi.gov.in,False,PARTIALLY_VERIFIED,HIGH,KAG_NER_EV_035
48,"Landslide in Upper Gurpisey, South Sikkim (20 September 2017)",2017-09-20,Exact Day,Sikkim,Parsed District,"Landslide in Upper Gurpisey, South Sikkim (20 September 2017)",,,LANDSLIDE,"A small debris slide occurred in Upper Gurpisey, Namchi, South Sikkim on 20.09.2017 at around 02.00 hrs. Tragedy struck due to torrential rainfall over the past 24 hours. The landslide caused loss of 03 human lives, injuries to 02 person and damages to properties....",kkhandekar/lanslide-recent-incidents-india,Geological Survey of India (GSI) Special Incident Bulletins (2016-2020),https://gsi.gov.in / https://bhukosh.gsi.gov.in,False,PARTIALLY_VERIFIED,HIGH,KAG_NER_EV_036
52,"Kalikhola land subsidence, Kangpokpi district, Manipur (4 June 2017)",2017-06-04,Exact Day,Manipur,Parsed District,"Kalikhola land subsidence, Kangpokpi district, Manipur (4 June 2017)",,,LANDSLIDE,"The Kalikhola village and adjoining slope (25° 08.661' N, 93°56.829' E) located on the left bank slope of Kalikhola River in the Kangpokpi District, Manipur was reported to have affected by ground subsidence, earth cracks and sinking of the land on 4 June 2017 onwards. A central team led by GSI visi...",kkhandekar/lanslide-recent-incidents-india,Geological Survey of India (GSI) Special Incident Bulletins (2016-2020),https://gsi.gov.in / https://bhukosh.gsi.gov.in,False,PARTIALLY_VERIFIED,HIGH,KAG_NER_EV_037
53,"Landslide incidences in Guwahati, Assam (13 June 2017)",2017-06-13,Exact Day,Assam,Parsed District,"Landslide incidences in Guwahati, Assam (13 June 2017)",,,LANDSLIDE,"High rainfall  measuring 68 mm in Khanapara, 73 mm in Rehabari and 69 mm in Gandhi Mandap areas during the period from 12 to 13 June 2017 have led to few landslides and collapse of boundary wall at several places in Guwahati city. Though there were no casualties on account of landslides, few buildin...",kkhandekar/lanslide-recent-incidents-india,Geological Survey of India (GSI) Special Incident Bulletins (2016-2020),https://gsi.gov.in / https://bhukosh.gsi.gov.in,False,PARTIALLY_VERIFIED,HIGH,KAG_NER_EV_038
54,"Landslide incidence in Tharia village, Ri Bhoi District, Meghalaya (17 June 2017)",2017-06-17,Exact Day,Meghalaya,Parsed District,"Landslide incidence in Tharia village, Ri Bhoi District, Meghalaya (17 June 2017)",,,LANDSLIDE,"Heavy monsoon rainfall triggered a landslide in Tharia village, Ri-Bhoi district, Meghalaya at 04:30 hrs on 17 June 2017 in which five persons were reported dead, which included two minors and three adults and five tin-roofed hutments were completely buried under the debris....",kkhandekar/lanslide-recent-incidents-india,Geological Survey of India (GSI) Special Incident Bulletins (2016-2020),https://gsi.gov.in / https://bhukosh.gsi.gov.in,False,PARTIALLY_VERIFIED,HIGH,KAG_NER_EV_039
55,"Landslide incidences in Kamrup (Metro) District, Assam (3 July 2017)",2017-07-03,Exact Day,Assam,Parsed District,"Landslide incidences in Kamrup (Metro) District, Assam (3 July 2017)",,,LANDSLIDE,"Incessant monsoon rainfall triggered three landslides in two localities of Guwahati city; two landslides in Bonda colony and one in Panikhaiti. A seven year old girl was reported dead in the Panikhaiti-Bongoan landslide while one person got seriously injured, five persons displaced and one Kaccha ho...",kkhandekar/lanslide-recent-incidents-india,Geological Survey of India (GSI) Special Incident Bulletins (2016-2020),https://gsi.gov.in / https://bhukosh.gsi.gov.in,False,PARTIALLY_VERIFIED,HIGH,KAG_NER_EV_040
56,"Landslide incidences along NH-29 (Kiruphema) and Kohima city, Kohima district, Nagaland (9 July 2017)",2017-07-09,Exact Day,Nagaland,Parsed District,"Landslide incidences along NH-29 (Kiruphema) and Kohima city, Kohima district, Nagaland (9 July 2017)",,29.0347,DEBRIS FLOW,"A massive debris slide occurred on 9 July 2017 at Kiruphema along the NH-29. The debris slide, covering an approx. area of 1.65 sq.kms, subsequently progressed into a debris flow with the run-out distance greater than 1 km. In yet another incident, a massive landslide occurred during the night of 11...",kkhandekar/lanslide-recent-incidents-india,Geological Survey of India (GSI) Special Incident Bulletins (2016-2020),https://gsi.gov.in / https://bhukosh.gsi.gov.in,False,PARTIALLY_VERIFIED,HIGH,KAG_NER_EV_041
57,"Landslide incidence in Machong, East district, Sikkim (10 July 2017)",2017-07-10,Exact Day,Sikkim,Parsed District,"Landslide incidence in Machong, East district, Sikkim (10 July 2017)",,14.0025,LANDSLIDE,"Incessant monsoon rainfall triggered a devastating landslide near Machong village, Pachey town along Pakyong-Machong road in East district, Sikkim. The failure was initiated at around 14.00 hrs on 09 July2017 which became active and failed at around 8.30 hrs on 10 July 2017. The landslide swept away...",kkhandekar/lanslide-recent-incidents-india,Geological Survey of India (GSI) Special Incident Bulletins (2016-2020),https://gsi.gov.in / https://bhukosh.gsi.gov.in,False,PARTIALLY_VERIFIED,HIGH,KAG_NER_EV_042
58,"Subsidence in Ukhrul and Kangpokpi districts, Manipur (July, 2017)",2017-05-31,Exact Day,Manipur,Parsed District,"Subsidence in Ukhrul and Kangpokpi districts, Manipur (July, 2017)",,,LANDSLIDE,"Ground subsidence at Haijang village, Kangpokpi district which reportedly occurred during the first week of July led to the development of cracks in the UJB school classrooms, Haijang. Subsequent shifting and relocation of the school children to a temporary school was carried out. Another ground sub...",kkhandekar/lanslide-recent-incidents-india,Geological Survey of India (GSI) Special Incident Bulletins (2016-2020),https://gsi.gov.in / https://bhukosh.gsi.gov.in,False,PARTIALLY_VERIFIED,HIGH,KAG_NER_EV_043
59,"Landslide incidence in Laptap village, Papum Pare District, Arunachal Pradesh (11 July 2017)",2017-07-11,Exact Day,Arunachal Pradesh,Parsed District,"Landslide incidence in Laptap village, Papum Pare District, Arunachal Pradesh (11 July 2017)",,,LANDSLIDE,"Heavy monsoon rainfall triggered a massive landslide at Laptap village, Papum Pare district, Arunachal Pradesh at 14:30 hrs on 11 July, 2017. Several residential dwellings situated along the run-out path of the landslide were washed-off and submerged in the debris. As a result, 14 people were report...",kkhandekar/lanslide-recent-incidents-india,Geological Survey of India (GSI) Special Incident Bulletins (2016-2020),https://gsi.gov.in / https://bhukosh.gsi.gov.in,False,PARTIALLY_VERIFIED,HIGH,KAG_NER_EV_044
60,Landslide incidence in Sikkim - 14 January 2016,2016-01-14,Exact Day,Sikkim,Parsed District,Landslide incidence in Sikkim - 14 January 2016,,10.4525,ROCKFALL,"A rock fall occurred along national highway NH- 10 (27° 09&apos 52.2"": 88° 31&apos 56.3"") near Bhoteybhir village, Sikkim on 14/01/2016 at about 05-05.30 hrs. The rock fall zone is still active and occurs as a result of road cutting in a dry time. GSI has carried out the preliminary investigation of...",kkhandekar/lanslide-recent-incidents-india,Geological Survey of India (GSI) Special Incident Bulletins (2016-2020),https://gsi.gov.in / https://bhukosh.gsi.gov.in,False,PARTIALLY_VERIFIED,HIGH,KAG_NER_EV_045
61,"Landslide incidence in Karimgang and Hilakandi Districts, Assam (18th May 2016)",2016-05-18,Exact Day,Assam,Parsed District,"Landslide incidence in Karimgang and Hilakandi Districts, Assam (18th May 2016)",,,LANDSLIDE,"Incessant and concentrated pre-monsoon precipitation lasting for nearly 10 days has triggered 31 landslide incidences between 22nd and 23rd April 2016, in and around Tawang town, Arunachal Pradesh. This disastrous event has killed 18 persons and has also caused severe damage to property, cattle, sub...",kkhandekar/lanslide-recent-incidents-india,Geological Survey of India (GSI) Special Incident Bulletins (2016-2020),https://gsi.gov.in / https://bhukosh.gsi.gov.in,False,PARTIALLY_VERIFIED,HIGH,KAG_NER_EV_046
62,"Landslide incidence in Tawang, Arunachal Pradesh (22-23 April 2016)",2016-04-23,Exact Day,Assam,Parsed District,"Landslide incidence in Tawang, Arunachal Pradesh (22-23 April 2016)",,,LANDSLIDE,"Incessant and concentrated rainfall triggered four devastating landslide incidences in Assam on 18th May, 2016 which took away 11 precious lives and caused severe damage to property, cattle, agricultural land and road-stretches. Out of the four landslides, one occurred at Rakhalbasti area in Sonaich...",kkhandekar/lanslide-recent-incidents-india,Geological Survey of India (GSI) Special Incident Bulletins (2016-2020),https://gsi.gov.in / https://bhukosh.gsi.gov.in,False,PARTIALLY_VERIFIED,HIGH,KAG_NER_EV_047
