Scenario_ID,Dataset1_Row,Dataset2_Row,Ground_Instability_Prob,Instability_Class,Weather_Risk_Class,Prob_Weather_Low,Prob_Weather_Moderate,Prob_Weather_High,Prob_Weather_VeryHigh,Final_Risk_Level,Rockfall_Hazard_Index,Top_Risk_Factors
1,1126,569,0.0005,LOW,Low,0.9995,0.0003,0.0001,0.0001,LOW,6.0,Rainfall_mm (value: 192.34) | Slope_Angle (value: 11.15) | Soil Moisture (%) (value: 76.00) | Humidity (%) (value: 67.00)
2,1459,1895,0.0004,LOW,Low,0.9998,0.0001,0.0001,0.0,LOW,6.0,Rainfall_mm (value: 162.95) | Slope_Angle (value: 7.66) | Humidity (%) (value: 53.00) | Soil Moisture (%) (value: 29.00)
3,860,2733,0.9903,VERY HIGH,Low,0.9997,0.0002,0.0001,0.0001,HIGH,65.4,Rainfall_mm (value: 196.75) | Slope_Angle (value: 43.39) | Soil Moisture (%) (value: 62.00) | Humidity (%) (value: 39.00)
4,1294,3863,0.0007,LOW,Low,0.9996,0.0003,0.0001,0.0001,LOW,6.0,Rainfall_mm (value: 197.10) | Slope_Angle (value: 13.76) | Humidity (%) (value: 57.00) | Soil Moisture (%) (value: 62.00)
5,1130,4721,0.0002,LOW,Low,0.9998,0.0001,0.0001,0.0,LOW,6.0,Rainfall_mm (value: 90.17) | Slope_Angle (value: 16.37) | Humidity (%) (value: 46.00) | Elevation (m) (value: 764.00)
6,1095,4014,0.0,LOW,Moderate,0.0001,0.9997,0.0002,0.0001,MODERATE,18.0,Rainfall_mm (value: 51.62) | Slope_Angle (value: 22.53) | Humidity (%) (value: 82.00) | Soil Moisture (%) (value: 84.00)
7,1724,2901,0.0001,LOW,Low,0.9996,0.0002,0.0001,0.0001,LOW,6.0,Rainfall_mm (value: 166.50) | Slope_Angle (value: 10.71) | Humidity (%) (value: 74.00) | Soil Moisture (%) (value: 48.00)
8,1044,1686,0.0348,LOW,Low,0.9998,0.0001,0.0001,0.0,LOW,8.1,Rainfall_mm (value: 190.81) | Slope_Angle (value: 25.13) | Humidity (%) (value: 34.00) | Soil Moisture (%) (value: 37.00)
9,1638,3009,0.0011,LOW,Low,0.9998,0.0001,0.0001,0.0,LOW,6.1,Rainfall_mm (value: 177.15) | Slope_Angle (value: 29.81) | Humidity (%) (value: 51.00) | Elevation (m) (value: 890.00)
10,121,154,0.9991,VERY HIGH,Low,0.9998,0.0001,0.0001,0.0,HIGH,65.9,Rainfall_mm (value: 184.10) | Slope_Angle (value: 39.83) | Humidity (%) (value: 58.00) | Soil Moisture (%) (value: 51.00)
11,466,2537,0.996,VERY HIGH,Low,0.9996,0.0002,0.0001,0.0001,HIGH,65.8,Rainfall_mm (value: 244.84) | Slope_Angle (value: 31.96) | Soil Moisture (%) (value: 89.00) | Humidity (%) (value: 36.00)
12,1238,1409,0.0,LOW,Low,0.9997,0.0002,0.0001,0.0001,LOW,6.0,Rainfall_mm (value: 54.68) | Slope_Angle (value: 26.75) | Soil Moisture (%) (value: 65.00) | Humidity (%) (value: 57.00)
13,330,4057,0.9998,VERY HIGH,Moderate,0.0013,0.9622,0.0335,0.003,HIGH,78.0,Rainfall_mm (value: 273.25) | Slope_Angle (value: 41.07) | Humidity (%) (value: 93.00) | Soil Moisture (%) (value: 80.00)
14,1482,784,0.0,LOW,Moderate,0.0001,0.9997,0.0001,0.0001,MODERATE,18.0,Rainfall_mm (value: 149.72) | Slope_Angle (value: 12.15) | Humidity (%) (value: 84.00) | Soil Moisture (%) (value: 77.00)
15,87,3175,0.9965,VERY HIGH,Low,0.9996,0.0002,0.0001,0.0001,HIGH,65.8,Rainfall_mm (value: 245.50) | Slope_Angle (value: 44.42) | Humidity (%) (value: 76.00) | Precipitation (mm) (value: 202.00)
16,1396,4341,0.0006,LOW,Low,0.9998,0.0001,0.0001,0.0,LOW,6.0,Rainfall_mm (value: 105.50) | Slope_Angle (value: 23.52) | Soil Moisture (%) (value: 54.00) | Elevation (m) (value: 764.00)
17,1123,2806,0.0004,LOW,Low,0.9899,0.0073,0.0026,0.0002,LOW,6.0,Rainfall_mm (value: 170.24) | Slope_Angle (value: 20.76) | Humidity (%) (value: 95.00) | Soil Moisture (%) (value: 80.00)
18,871,537,0.9924,VERY HIGH,Low,0.9993,0.0004,0.0003,0.0001,HIGH,65.5,Rainfall_mm (value: 199.29) | Slope_Angle (value: 46.08) | Humidity (%) (value: 94.00) | Soil Moisture (%) (value: 49.00)
19,1687,1841,0.0,LOW,Low,0.9992,0.0004,0.0003,0.0001,LOW,6.0,Rainfall_mm (value: 76.03) | Slope_Angle (value: 27.82) | Humidity (%) (value: 88.00) | Elevation (m) (value: 667.00)
20,130,2455,0.9994,VERY HIGH,Low,0.9998,0.0001,0.0001,0.0,HIGH,66.0,Rainfall_mm (value: 212.19) | Slope_Angle (value: 27.99) | Humidity (%) (value: 62.00) | Soil Moisture (%) (value: 49.00)
21,1685,524,0.0,LOW,Low,0.9998,0.0001,0.0001,0.0,LOW,6.0,Rainfall_mm (value: 78.07) | Slope_Angle (value: 5.82) | Humidity (%) (value: 40.00) | Elevation (m) (value: 571.00)
22,1332,2950,0.0,LOW,Low,0.9997,0.0002,0.0001,0.0001,LOW,6.0,Rainfall_mm (value: 73.36) | Slope_Angle (value: 27.01) | Soil Moisture (%) (value: 84.00) | Humidity (%) (value: 37.00)
23,769,4131,0.9974,VERY HIGH,Low,0.9995,0.0003,0.0001,0.0001,HIGH,65.8,Rainfall_mm (value: 242.12) | Slope_Angle (value: 36.40) | Soil Moisture (%) (value: 83.00) | Humidity (%) (value: 60.00)
24,343,4780,0.9989,VERY HIGH,Low,0.9998,0.0001,0.0001,0.0,HIGH,65.9,Rainfall_mm (value: 259.54) | Slope_Angle (value: 45.96) | Soil Moisture (%) (value: 60.00) | Elevation (m) (value: 881.00)
25,1515,4115,0.0,LOW,Low,0.9998,0.0001,0.0001,0.0,LOW,6.0,Rainfall_mm (value: 143.45) | Slope_Angle (value: 5.17) | Soil Moisture (%) (value: 55.00) | Humidity (%) (value: 42.00)
26,1437,2368,0.0004,LOW,Low,0.9996,0.0003,0.0001,0.0001,LOW,6.0,Rainfall_mm (value: 154.08) | Slope_Angle (value: 27.11) | Humidity (%) (value: 80.00) | Precipitation (mm) (value: 168.00)
27,805,3847,0.9984,VERY HIGH,Low,0.9992,0.0004,0.0003,0.0001,HIGH,65.9,Rainfall_mm (value: 192.35) | Slope_Angle (value: 45.49) | Humidity (%) (value: 92.00) | Precipitation (mm) (value: 144.00)
28,385,4495,0.9997,VERY HIGH,Low,0.9998,0.0001,0.0001,0.0,HIGH,66.0,Rainfall_mm (value: 270.99) | Slope_Angle (value: 41.68) | Elevation (m) (value: 955.00) | Soil Moisture (%) (value: 49.00)
29,1215,2701,0.0003,LOW,Low,0.9984,0.0014,0.0001,0.0001,LOW,6.0,Rainfall_mm (value: 109.87) | Slope_Angle (value: 15.39) | Humidity (%) (value: 78.00) | Soil Moisture (%) (value: 76.00)
30,955,971,0.9998,VERY HIGH,Low,0.9998,0.0001,0.0001,0.0,HIGH,66.0,Rainfall_mm (value: 197.33) | Slope_Angle (value: 52.61) | Soil Moisture (%) (value: 41.00) | Humidity (%) (value: 34.00)
31,276,1166,0.9993,VERY HIGH,Low,0.9996,0.0002,0.0001,0.0001,HIGH,66.0,Rainfall_mm (value: 156.25) | Slope_Angle (value: 27.97) | Humidity (%) (value: 72.00) | Precipitation (mm) (value: 245.00)
32,1184,4929,0.009,LOW,Low,0.9998,0.0001,0.0001,0.0,LOW,6.5,Rainfall_mm (value: 112.16) | Slope_Angle (value: 22.24) | Humidity (%) (value: 50.00) | Soil Moisture (%) (value: 53.00)
33,459,2774,0.9993,VERY HIGH,Low,0.9995,0.0002,0.0002,0.0001,HIGH,66.0,Rainfall_mm (value: 255.93) | Slope_Angle (value: 43.70) | Humidity (%) (value: 94.00) | Elevation (m) (value: 681.00)
34,1337,1982,0.0,LOW,Low,0.9998,0.0001,0.0001,0.0,LOW,6.0,Rainfall_mm (value: 53.67) | Slope_Angle (value: 24.77) | Humidity (%) (value: 53.00) | Precipitation (mm) (value: 234.00)
35,21,853,0.9981,VERY HIGH,Low,0.9995,0.0003,0.0001,0.0001,HIGH,65.9,Rainfall_mm (value: 233.72) | Slope_Angle (value: 39.13) | Soil Moisture (%) (value: 83.00) | Humidity (%) (value: 46.00)
36,252,4146,1.0,VERY HIGH,Low,0.9998,0.0001,0.0001,0.0,HIGH,66.0,Rainfall_mm (value: 298.87) | Slope_Angle (value: 57.45) | Elevation (m) (value: 863.00) | Soil Moisture (%) (value: 39.00)
37,747,3736,0.9988,VERY HIGH,Low,0.9998,0.0001,0.0001,0.0,HIGH,65.9,Rainfall_mm (value: 244.99) | Slope_Angle (value: 40.76) | Humidity (%) (value: 39.00) | Precipitation (mm) (value: 187.00)
38,856,3769,0.9996,VERY HIGH,Low,0.9997,0.0002,0.0001,0.0001,HIGH,66.0,Rainfall_mm (value: 289.60) | Slope_Angle (value: 25.86) | Soil Moisture (%) (value: 78.00) | Humidity (%) (value: 68.00)
39,1584,574,0.0003,LOW,Low,0.9998,0.0001,0.0001,0.0,LOW,6.0,Rainfall_mm (value: 181.12) | Slope_Angle (value: 13.98) | Humidity (%) (value: 65.00) | Precipitation (mm) (value: 232.00)
40,474,3261,0.9995,VERY HIGH,Low,0.9998,0.0001,0.0001,0.0,HIGH,66.0,Rainfall_mm (value: 282.45) | Slope_Angle (value: 32.09) | Humidity (%) (value: 56.00) | Elevation (m) (value: 805.00)
41,1082,1148,0.0007,LOW,Low,0.9996,0.0003,0.0001,0.0001,LOW,6.0,Rainfall_mm (value: 138.02) | Slope_Angle (value: 16.14) | Soil Moisture (%) (value: 67.00) | Humidity (%) (value: 40.00)
42,510,1715,0.9995,VERY HIGH,Low,0.9998,0.0001,0.0001,0.0,HIGH,66.0,Rainfall_mm (value: 249.25) | Slope_Angle (value: 41.94) | Humidity (%) (value: 59.00) | Soil Moisture (%) (value: 52.00)
43,1705,4777,0.0007,LOW,Low,0.9998,0.0001,0.0001,0.0,LOW,6.0,Rainfall_mm (value: 125.96) | Slope_Angle (value: 14.52) | Soil Moisture (%) (value: 59.00) | Elevation (m) (value: 896.00)
44,1499,4933,0.0002,LOW,Low,0.998,0.0016,0.0002,0.0001,LOW,6.0,Rainfall_mm (value: 174.77) | Slope_Angle (value: 21.48) | Humidity (%) (value: 91.00) | Soil Moisture (%) (value: 69.00)
45,699,3854,0.9978,VERY HIGH,Low,0.9996,0.0003,0.0001,0.0001,HIGH,65.9,Rainfall_mm (value: 152.19) | Slope_Angle (value: 37.61) | Soil Moisture (%) (value: 66.00) | Humidity (%) (value: 52.00)
46,975,2491,1.0,VERY HIGH,Low,0.9995,0.0003,0.0001,0.0001,HIGH,66.0,Rainfall_mm (value: 264.37) | Slope_Angle (value: 56.51) | Humidity (%) (value: 88.00) | Soil Moisture (%) (value: 55.00)
47,1806,2660,0.0036,LOW,Low,0.9995,0.0003,0.0001,0.0001,LOW,6.2,Rainfall_mm (value: 93.89) | Slope_Angle (value: 13.06) | Soil Moisture (%) (value: 73.00) | Elevation (m) (value: 921.00)
48,189,3124,0.9941,VERY HIGH,Low,0.9998,0.0001,0.0001,0.0,HIGH,65.6,Rainfall_mm (value: 196.79) | Slope_Angle (value: 36.23) | Humidity (%) (value: 50.00) | Soil Moisture (%) (value: 35.00)
49,957,3051,0.9995,VERY HIGH,Low,0.9996,0.0003,0.0001,0.0001,HIGH,66.0,Rainfall_mm (value: 204.24) | Slope_Angle (value: 39.22) | Soil Moisture (%) (value: 79.00) | Humidity (%) (value: 57.00)
50,686,4,0.9932,VERY HIGH,Low,0.9998,0.0001,0.0001,0.0,HIGH,65.6,Rainfall_mm (value: 232.29) | Slope_Angle (value: 39.10) | Humidity (%) (value: 77.00) | Soil Moisture (%) (value: 37.00)
51,957,4869,0.9995,VERY HIGH,Low,0.9995,0.0003,0.0001,0.0001,HIGH,66.0,Rainfall_mm (value: 204.24) | Slope_Angle (value: 39.22) | Soil Moisture (%) (value: 71.00) | Humidity (%) (value: 50.00)
52,562,876,0.9928,VERY HIGH,Low,0.9995,0.0003,0.0001,0.0001,HIGH,65.6,Rainfall_mm (value: 175.61) | Slope_Angle (value: 26.07) | Humidity (%) (value: 68.00) | Soil Moisture (%) (value: 71.00)
53,1899,991,0.0007,LOW,Low,0.9998,0.0001,0.0001,0.0,LOW,6.0,Rainfall_mm (value: 179.71) | Slope_Angle (value: 6.68) | Humidity (%) (value: 70.00) | Precipitation (mm) (value: 223.00)
54,1590,4142,0.0007,LOW,Low,0.9998,0.0001,0.0001,0.0,LOW,6.0,Rainfall_mm (value: 167.96) | Slope_Angle (value: 11.25) | Humidity (%) (value: 52.00) | Precipitation (mm) (value: 246.00)
55,1267,4364,0.0001,LOW,Low,0.9996,0.0002,0.0001,0.0001,LOW,6.0,Rainfall_mm (value: 87.99) | Slope_Angle (value: 27.73) | Soil Moisture (%) (value: 69.00) | Humidity (%) (value: 62.00)
56,831,4465,0.9998,VERY HIGH,Low,0.9996,0.0003,0.0001,0.0001,HIGH,66.0,Rainfall_mm (value: 239.94) | Slope_Angle (value: 44.26) | Humidity (%) (value: 84.00) | Precipitation (mm) (value: 213.00)
57,1528,635,0.0003,LOW,Low,0.9987,0.0009,0.0003,0.0001,LOW,6.0,Rainfall_mm (value: 84.12) | Slope_Angle (value: 5.08) | Humidity (%) (value: 94.00) | Soil Moisture (%) (value: 61.00)
58,1154,1693,0.0006,LOW,Low,0.9998,0.0001,0.0001,0.0,LOW,6.0,Rainfall_mm (value: 174.93) | Slope_Angle (value: 8.13) | Humidity (%) (value: 61.00) | Soil Moisture (%) (value: 45.00)
59,1508,1682,0.0002,LOW,Low,0.9988,0.001,0.0001,0.0001,LOW,6.0,Rainfall_mm (value: 69.63) | Slope_Angle (value: 21.90) | Humidity (%) (value: 82.00) | Soil Moisture (%) (value: 83.00)
60,1842,4752,0.0014,LOW,Low,0.9998,0.0001,0.0001,0.0,LOW,6.1,Rainfall_mm (value: 143.39) | Slope_Angle (value: 8.95) | Humidity (%) (value: 45.00) | Soil Moisture (%) (value: 36.00)
61,646,119,1.0,VERY HIGH,Low,0.9998,0.0001,0.0001,0.0,HIGH,66.0,Rainfall_mm (value: 242.57) | Slope_Angle (value: 54.75) | Humidity (%) (value: 57.00) | Precipitation (mm) (value: 150.00)
62,20,830,0.9997,VERY HIGH,Low,0.9998,0.0001,0.0001,0.0,HIGH,66.0,Rainfall_mm (value: 212.61) | Slope_Angle (value: 32.77) | Humidity (%) (value: 58.00) | Precipitation (mm) (value: 249.00)
63,840,3675,0.9991,VERY HIGH,Low,0.9998,0.0001,0.0001,0.0,HIGH,65.9,Rainfall_mm (value: 270.02) | Slope_Angle (value: 33.46) | Humidity (%) (value: 54.00) | Precipitation (mm) (value: 244.00)
64,166,1369,0.9999,VERY HIGH,Low,0.9998,0.0001,0.0001,0.0,HIGH,66.0,Rainfall_mm (value: 292.49) | Slope_Angle (value: 52.52) | Humidity (%) (value: 56.00) | Soil Moisture (%) (value: 40.00)
65,1297,740,0.0001,LOW,Low,0.9998,0.0001,0.0001,0.0,LOW,6.0,Rainfall_mm (value: 156.91) | Slope_Angle (value: 6.16) | Humidity (%) (value: 52.00) | Soil Moisture (%) (value: 23.00)
66,387,116,1.0,VERY HIGH,Low,0.9997,0.0002,0.0001,0.0,HIGH,66.0,Rainfall_mm (value: 260.10) | Slope_Angle (value: 51.69) | Humidity (%) (value: 82.00) | Precipitation (mm) (value: 238.00)
67,600,2838,0.9999,VERY HIGH,Low,0.9998,0.0001,0.0001,0.0,HIGH,66.0,Rainfall_mm (value: 214.70) | Slope_Angle (value: 38.27) | Humidity (%) (value: 45.00) | Precipitation (mm) (value: 210.00)
68,315,1150,0.9929,VERY HIGH,Low,0.9996,0.0003,0.0001,0.0001,HIGH,65.6,Rainfall_mm (value: 232.33) | Slope_Angle (value: 46.45) | Humidity (%) (value: 75.00) | Soil Moisture (%) (value: 60.00)
69,13,1931,1.0,VERY HIGH,Low,0.9995,0.0003,0.0001,0.0001,HIGH,66.0,Rainfall_mm (value: 250.33) | Slope_Angle (value: 48.31) | Humidity (%) (value: 60.00) | Soil Moisture (%) (value: 64.00)
70,241,1012,0.999,VERY HIGH,Low,0.9996,0.0003,0.0001,0.0001,HIGH,65.9,Rainfall_mm (value: 271.43) | Slope_Angle (value: 51.83) | Soil Moisture (%) (value: 83.00) | Humidity (%) (value: 60.00)
71,776,1664,0.9989,VERY HIGH,Low,0.9998,0.0001,0.0001,0.0,HIGH,65.9,Rainfall_mm (value: 243.51) | Slope_Angle (value: 46.09) | Precipitation (mm) (value: 237.00) | Humidity (%) (value: 41.00)
72,1369,1081,0.0,LOW,Low,0.9996,0.0003,0.0001,0.0001,LOW,6.0,Rainfall_mm (value: 129.08) | Slope_Angle (value: 13.13) | Soil Moisture (%) (value: 71.00) | Humidity (%) (value: 51.00)
73,564,4729,0.9967,VERY HIGH,Low,0.9997,0.0002,0.0001,0.0001,HIGH,65.8,Rainfall_mm (value: 275.88) | Slope_Angle (value: 30.62) | Soil Moisture (%) (value: 70.00) | Elevation (m) (value: 908.00)
74,897,512,0.9984,VERY HIGH,Moderate,0.0001,0.9997,0.0001,0.0001,HIGH,77.9,Rainfall_mm (value: 155.16) | Slope_Angle (value: 47.22) | Humidity (%) (value: 79.00) | Soil Moisture (%) (value: 75.00)
75,1363,2849,0.0004,LOW,Low,0.9998,0.0001,0.0001,0.0,LOW,6.0,Rainfall_mm (value: 118.13) | Slope_Angle (value: 10.97) | Humidity (%) (value: 61.00) | Elevation (m) (value: 828.00)
76,91,559,0.9994,VERY HIGH,Low,0.9998,0.0001,0.0001,0.0,HIGH,66.0,Rainfall_mm (value: 177.01) | Slope_Angle (value: 49.38) | Soil Moisture (%) (value: 59.00) | Humidity (%) (value: 46.00)
77,1390,3672,0.0003,LOW,Low,0.9998,0.0001,0.0001,0.0,LOW,6.0,Rainfall_mm (value: 157.93) | Slope_Angle (value: 7.69) | Humidity (%) (value: 31.00) | Precipitation (mm) (value: 163.00)
78,955,4583,0.9998,VERY HIGH,Low,0.9946,0.0044,0.0006,0.0003,HIGH,66.0,Rainfall_mm (value: 197.33) | Slope_Angle (value: 52.61) | Humidity (%) (value: 93.00) | Soil Moisture (%) (value: 88.00)
79,1478,4992,0.0001,LOW,Low,0.9998,0.0001,0.0001,0.0,LOW,6.0,Rainfall_mm (value: 124.03) | Slope_Angle (value: 10.13) | Soil Moisture (%) (value: 49.00) | Elevation (m) (value: 800.00)
80,1451,3343,0.0084,LOW,Low,0.9988,0.0008,0.0003,0.0001,LOW,6.5,Rainfall_mm (value: 103.14) | Slope_Angle (value: 21.54) | Humidity (%) (value: 93.00) | Soil Moisture (%) (value: 83.00)
81,508,4070,0.997,VERY HIGH,Low,0.9996,0.0002,0.0001,0.0001,HIGH,65.8,Rainfall_mm (value: 233.86) | Slope_Angle (value: 36.24) | Soil Moisture (%) (value: 66.00) | Humidity (%) (value: 50.00)
82,775,4799,0.9796,VERY HIGH,Low,0.9998,0.0001,0.0001,0.0,HIGH,64.8,Rainfall_mm (value: 237.40) | Slope_Angle (value: 29.34) | Elevation (m) (value: 873.00) | Humidity (%) (value: 44.00)
83,1966,1470,0.0032,LOW,Low,0.9987,0.0011,0.0001,0.0001,LOW,6.2,Rainfall_mm (value: 122.20) | Slope_Angle (value: 22.00) | Humidity (%) (value: 81.00) | Soil Moisture (%) (value: 79.00)
84,34,580,0.9947,VERY HIGH,Low,0.9998,0.0001,0.0001,0.0,HIGH,65.7,Rainfall_mm (value: 235.25) | Slope_Angle (value: 28.28) | Humidity (%) (value: 58.00) | Soil Moisture (%) (value: 47.00)
85,205,2294,0.9999,VERY HIGH,Low,0.9997,0.0002,0.0001,0.0001,HIGH,66.0,Rainfall_mm (value: 199.85) | Slope_Angle (value: 43.99) | Soil Moisture (%) (value: 66.00) | Humidity (%) (value: 36.00)
86,1104,3147,0.0008,LOW,Moderate,0.0007,0.999,0.0001,0.0001,MODERATE,18.0,Rainfall_mm (value: 198.75) | Slope_Angle (value: 24.26) | Humidity (%) (value: 79.00) | Soil Moisture (%) (value: 61.00)
87,1955,4249,0.0003,LOW,Moderate,0.0001,0.9997,0.0001,0.0001,MODERATE,18.0,Rainfall_mm (value: 57.50) | Slope_Angle (value: 20.25) | Humidity (%) (value: 79.00) | Soil Moisture (%) (value: 75.00)
88,1585,1679,0.0001,LOW,Low,0.9998,0.0001,0.0001,0.0,LOW,6.0,Rainfall_mm (value: 105.20) | Slope_Angle (value: 6.94) | Humidity (%) (value: 42.00) | Soil Moisture (%) (value: 44.00)
89,1895,3506,0.0016,LOW,High,0.0001,0.0001,0.9998,0.0001,MODERATE,30.1,Rainfall_mm (value: 119.06) | Slope_Angle (value: 27.67) | Humidity (%) (value: 89.00) | Soil Moisture (%) (value: 83.00)
90,1411,2744,0.0001,LOW,Low,0.9998,0.0001,0.0001,0.0,LOW,6.0,Rainfall_mm (value: 54.54) | Slope_Angle (value: 24.27) | Soil Moisture (%) (value: 58.00) | Humidity (%) (value: 41.00)
91,1025,3356,0.0092,LOW,Low,0.9996,0.0002,0.0001,0.0001,LOW,6.6,Rainfall_mm (value: 108.21) | Slope_Angle (value: 24.90) | Soil Moisture (%) (value: 84.00) | Humidity (%) (value: 43.00)
92,1021,4045,0.0,LOW,Low,0.9998,0.0001,0.0001,0.0,LOW,6.0,Rainfall_mm (value: 141.45) | Slope_Angle (value: 11.40) | Humidity (%) (value: 67.00) | Precipitation (mm) (value: 249.00)
93,1413,1243,0.001,LOW,Low,0.9995,0.0003,0.0001,0.0001,LOW,6.1,Rainfall_mm (value: 118.92) | Slope_Angle (value: 29.79) | Humidity (%) (value: 90.00) | Elevation (m) (value: 427.00)
94,565,3118,0.9992,VERY HIGH,Low,0.9998,0.0001,0.0001,0.0,HIGH,65.9,Rainfall_mm (value: 266.01) | Slope_Angle (value: 57.02) | Elevation (m) (value: 956.00) | Humidity (%) (value: 32.00)
95,1129,2141,0.0001,LOW,Low,0.9998,0.0001,0.0001,0.0,LOW,6.0,Rainfall_mm (value: 194.09) | Slope_Angle (value: 8.57) | Humidity (%) (value: 69.00) | Elevation (m) (value: 670.00)
96,1795,3059,0.0,LOW,Low,0.9997,0.0002,0.0001,0.0001,LOW,6.0,Rainfall_mm (value: 192.67) | Slope_Angle (value: 6.93) | Humidity (%) (value: 83.00) | Soil Moisture (%) (value: 55.00)
97,1845,4548,0.0,LOW,Low,0.9997,0.0002,0.0001,0.0001,LOW,6.0,Rainfall_mm (value: 156.16) | Slope_Angle (value: 15.15) | Soil Moisture (%) (value: 80.00) | Precipitation (mm) (value: 243.00)
98,1500,2959,0.0,LOW,Moderate,0.0028,0.9968,0.0003,0.0001,MODERATE,18.0,Rainfall_mm (value: 101.78) | Slope_Angle (value: 7.66) | Soil Moisture (%) (value: 84.00) | Humidity (%) (value: 71.00)
99,702,2265,0.9995,VERY HIGH,Low,0.9996,0.0002,0.0001,0.0001,HIGH,66.0,Rainfall_mm (value: 157.38) | Slope_Angle (value: 33.09) | Soil Moisture (%) (value: 83.00) | Humidity (%) (value: 52.00)
100,401,2479,0.9999,VERY HIGH,Low,0.9998,0.0001,0.0001,0.0,HIGH,66.0,Rainfall_mm (value: 257.26) | Slope_Angle (value: 45.77) | Humidity (%) (value: 53.00) | Soil Moisture (%) (value: 37.00)
101,729,4646,0.9999,VERY HIGH,Low,0.9996,0.0003,0.0001,0.0001,HIGH,66.0,Rainfall_mm (value: 261.60) | Slope_Angle (value: 49.89) | Humidity (%) (value: 78.00) | Elevation (m) (value: 818.00)
102,1579,1635,0.0001,LOW,Low,0.9997,0.0002,0.0001,0.0,LOW,6.0,Rainfall_mm (value: 188.93) | Slope_Angle (value: 7.21) | Humidity (%) (value: 82.00) | Precipitation (mm) (value: 233.00)
103,161,1757,0.9997,VERY HIGH,Low,0.9998,0.0001,0.0001,0.0,HIGH,66.0,Rainfall_mm (value: 212.63) | Slope_Angle (value: 41.17) | Humidity (%) (value: 69.00) | Precipitation (mm) (value: 250.00)
104,201,4452,0.9999,VERY HIGH,Low,0.9996,0.0003,0.0001,0.0001,HIGH,66.0,Rainfall_mm (value: 243.80) | Slope_Angle (value: 52.42) | Soil Moisture (%) (value: 65.00) | Elevation (m) (value: 884.00)
105,1981,2070,0.0009,LOW,Low,0.9997,0.0002,0.0001,0.0001,LOW,6.1,Rainfall_mm (value: 186.09) | Slope_Angle (value: 20.61) | Humidity (%) (value: 84.00) | Elevation (m) (value: 624.00)
106,995,2849,0.9998,VERY HIGH,Low,0.9998,0.0001,0.0001,0.0,HIGH,66.0,Rainfall_mm (value: 189.21) | Slope_Angle (value: 58.13) | Humidity (%) (value: 61.00) | Elevation (m) (value: 828.00)
107,269,3251,0.999,VERY HIGH,Low,0.9996,0.0003,0.0001,0.0001,HIGH,65.9,Rainfall_mm (value: 252.15) | Slope_Angle (value: 31.64) | Soil Moisture (%) (value: 75.00) | Humidity (%) (value: 51.00)
108,1886,3730,0.0002,LOW,Low,0.9998,0.0001,0.0001,0.0,LOW,6.0,Rainfall_mm (value: 173.52) | Slope_Angle (value: 29.54) | Humidity (%) (value: 55.00) | Precipitation (mm) (value: 197.00)
109,815,2489,0.9981,VERY HIGH,Low,0.9998,0.0001,0.0001,0.0,HIGH,65.9,Rainfall_mm (value: 290.37) | Slope_Angle (value: 41.00) | Humidity (%) (value: 52.00) | Elevation (m) (value: 894.00)
110,1294,1631,0.0007,LOW,Low,0.9998,0.0001,0.0001,0.0,LOW,6.0,Rainfall_mm (value: 197.10) | Slope_Angle (value: 13.76) | Humidity (%) (value: 64.00) | Soil Moisture (%) (value: 34.00)
111,455,2816,0.9832,VERY HIGH,Low,0.9998,0.0001,0.0001,0.0,HIGH,65.0,Rainfall_mm (value: 201.69) | Slope_Angle (value: 26.08) | Soil Moisture (%) (value: 46.00) | Humidity (%) (value: 34.00)
112,1485,1015,0.0074,LOW,Low,0.9996,0.0003,0.0001,0.0001,LOW,6.4,Rainfall_mm (value: 121.79) | Slope_Angle (value: 22.48) | Soil Moisture (%) (value: 78.00) | Humidity (%) (value: 58.00)
113,1750,1348,0.0006,LOW,Low,0.9997,0.0002,0.0001,0.0001,LOW,6.0,Rainfall_mm (value: 117.52) | Slope_Angle (value: 23.61) | Soil Moisture (%) (value: 63.00) | Humidity (%) (value: 53.00)
114,1275,4611,0.0065,LOW,Low,0.9987,0.0011,0.0001,0.0001,LOW,6.4,Rainfall_mm (value: 150.84) | Slope_Angle (value: 27.44) | Humidity (%) (value: 77.00) | Soil Moisture (%) (value: 70.00)
115,1016,3087,0.0004,LOW,Low,0.9998,0.0001,0.0001,0.0,LOW,6.0,Rainfall_mm (value: 128.49) | Slope_Angle (value: 7.92) | Humidity (%) (value: 49.00) | Soil Moisture (%) (value: 38.00)
116,1725,2839,0.0002,LOW,Low,0.9998,0.0001,0.0001,0.0,LOW,6.0,Rainfall_mm (value: 91.26) | Slope_Angle (value: 25.87) | Humidity (%) (value: 49.00) | Soil Moisture (%) (value: 38.00)
117,295,335,0.9986,VERY HIGH,Low,0.9997,0.0002,0.0001,0.0,HIGH,65.9,Rainfall_mm (value: 170.67) | Slope_Angle (value: 48.21) | Humidity (%) (value: 72.00) | Soil Moisture (%) (value: 48.00)
118,1748,4592,0.0001,LOW,Low,0.9998,0.0001,0.0001,0.0,LOW,6.0,Rainfall_mm (value: 163.77) | Slope_Angle (value: 14.30) | Humidity (%) (value: 58.00) | Soil Moisture (%) (value: 35.00)
119,719,895,0.9995,VERY HIGH,Low,0.9998,0.0001,0.0001,0.0,HIGH,66.0,Rainfall_mm (value: 241.80) | Slope_Angle (value: 35.72) | Humidity (%) (value: 62.00) | Soil Moisture (%) (value: 52.00)
120,1772,3546,0.002,LOW,Low,0.9998,0.0001,0.0001,0.0,LOW,6.1,Rainfall_mm (value: 156.40) | Slope_Angle (value: 26.36) | Humidity (%) (value: 70.00) | Soil Moisture (%) (value: 59.00)
121,337,851,0.9999,VERY HIGH,Low,0.9997,0.0002,0.0001,0.0001,HIGH,66.0,Rainfall_mm (value: 247.62) | Slope_Angle (value: 55.60) | Humidity (%) (value: 81.00) | Soil Moisture (%) (value: 49.00)
122,878,1687,0.9999,VERY HIGH,Low,0.9998,0.0001,0.0001,0.0,HIGH,66.0,Rainfall_mm (value: 165.52) | Slope_Angle (value: 47.98) | Humidity (%) (value: 48.00) | Elevation (m) (value: 795.00)
123,1076,1931,0.0007,LOW,Low,0.9995,0.0003,0.0001,0.0001,LOW,6.0,Rainfall_mm (value: 189.28) | Slope_Angle (value: 19.49) | Humidity (%) (value: 60.00) | Soil Moisture (%) (value: 64.00)
124,791,3746,0.9994,VERY HIGH,Low,0.9995,0.0003,0.0001,0.0001,HIGH,66.0,Rainfall_mm (value: 155.28) | Slope_Angle (value: 51.12) | Humidity (%) (value: 64.00) | Soil Moisture (%) (value: 65.00)
125,1945,2427,0.0,LOW,Low,0.9998,0.0001,0.0001,0.0,LOW,6.0,Rainfall_mm (value: 73.76) | Slope_Angle (value: 6.30) | Humidity (%) (value: 51.00) | Elevation (m) (value: 825.00)
126,216,1568,0.9995,VERY HIGH,Low,0.9998,0.0001,0.0001,0.0,HIGH,66.0,Rainfall_mm (value: 249.57) | Slope_Angle (value: 41.61) | Humidity (%) (value: 69.00) | Soil Moisture (%) (value: 28.00)
127,763,4000,0.9975,VERY HIGH,Low,0.9995,0.0003,0.0001,0.0001,HIGH,65.9,Rainfall_mm (value: 182.87) | Slope_Angle (value: 28.95) | Humidity (%) (value: 91.00) | Elevation (m) (value: 904.00)
128,187,2738,1.0,VERY HIGH,Low,0.9993,0.0006,0.0001,0.0001,HIGH,66.0,Rainfall_mm (value: 275.99) | Slope_Angle (value: 52.05) | Humidity (%) (value: 76.00) | Soil Moisture (%) (value: 71.00)
129,379,3498,0.9999,VERY HIGH,Low,0.9996,0.0002,0.0001,0.0001,HIGH,66.0,Rainfall_mm (value: 268.88) | Slope_Angle (value: 41.15) | Humidity (%) (value: 74.00) | Elevation (m) (value: 851.00)
130,492,3913,0.9947,VERY HIGH,Low,0.9998,0.0001,0.0001,0.0,HIGH,65.7,Rainfall_mm (value: 165.39) | Slope_Angle (value: 38.75) | Soil Moisture (%) (value: 52.00) | Humidity (%) (value: 45.00)
131,1064,1066,0.0105,LOW,Low,0.9997,0.0002,0.0001,0.0001,LOW,6.6,Rainfall_mm (value: 106.90) | Slope_Angle (value: 27.77) | Soil Moisture (%) (value: 63.00) | Elevation (m) (value: 944.00)
132,1180,4380,0.0007,LOW,Low,0.9997,0.0002,0.0001,0.0001,LOW,6.0,Rainfall_mm (value: 165.47) | Slope_Angle (value: 19.03) | Soil Moisture (%) (value: 84.00) | Humidity (%) (value: 47.00)
133,14,2444,0.9994,VERY HIGH,Low,0.9996,0.0003,0.0001,0.0001,HIGH,66.0,Rainfall_mm (value: 256.99) | Slope_Angle (value: 51.63) | Humidity (%) (value: 77.00) | Precipitation (mm) (value: 239.00)
134,1836,4107,0.0,LOW,Low,0.9995,0.0003,0.0002,0.0001,LOW,6.0,Rainfall_mm (value: 108.21) | Slope_Angle (value: 9.64) | Humidity (%) (value: 94.00) | Soil Moisture (%) (value: 53.00)
135,64,3373,0.9995,VERY HIGH,Moderate,0.0001,0.9997,0.0001,0.0001,HIGH,78.0,Rainfall_mm (value: 193.98) | Slope_Angle (value: 36.50) | Humidity (%) (value: 73.00) | Soil Moisture (%) (value: 75.00)
136,1880,3969,0.0001,LOW,Low,0.9997,0.0002,0.0001,0.0001,LOW,6.0,Rainfall_mm (value: 61.29) | Slope_Angle (value: 6.83) | Soil Moisture (%) (value: 75.00) | Humidity (%) (value: 53.00)
137,1862,2546,0.0001,LOW,Moderate,0.0001,0.9997,0.0001,0.0001,MODERATE,18.0,Rainfall_mm (value: 169.59) | Slope_Angle (value: 12.54) | Humidity (%) (value: 73.00) | Soil Moisture (%) (value: 63.00)
138,520,753,0.987,VERY HIGH,Low,0.9997,0.0002,0.0001,0.0001,HIGH,65.2,Rainfall_mm (value: 205.25) | Slope_Angle (value: 40.13) | Soil Moisture (%) (value: 80.00) | Elevation (m) (value: 959.00)
139,1367,2082,0.0,LOW,Low,0.9988,0.0009,0.0001,0.0001,LOW,6.0,Rainfall_mm (value: 51.09) | Slope_Angle (value: 6.52) | Humidity (%) (value: 77.00) | Soil Moisture (%) (value: 80.00)
140,1152,2774,0.0003,LOW,Low,0.9995,0.0002,0.0002,0.0001,LOW,6.0,Rainfall_mm (value: 139.89) | Slope_Angle (value: 25.19) | Humidity (%) (value: 94.00) | Elevation (m) (value: 681.00)
141,647,2896,0.9989,VERY HIGH,Low,0.9997,0.0001,0.0001,0.0001,HIGH,65.9,Rainfall_mm (value: 194.71) | Slope_Angle (value: 34.72) | Soil Moisture (%) (value: 74.00) | Humidity (%) (value: 67.00)
142,1495,4185,0.0007,LOW,Low,0.9992,0.0006,0.0001,0.0001,LOW,6.0,Rainfall_mm (value: 61.04) | Slope_Angle (value: 20.73) | Soil Moisture (%) (value: 84.00) | Humidity (%) (value: 76.00)
143,1086,775,0.0038,LOW,Low,0.9997,0.0002,0.0001,0.0001,LOW,6.2,Rainfall_mm (value: 186.62) | Slope_Angle (value: 28.58) | Soil Moisture (%) (value: 62.00) | Humidity (%) (value: 36.00)
144,1162,1625,0.0007,LOW,Low,0.9997,0.0002,0.0001,0.0,LOW,6.0,Rainfall_mm (value: 119.73) | Slope_Angle (value: 20.76) | Humidity (%) (value: 72.00) | Soil Moisture (%) (value: 45.00)
145,1522,3069,0.0001,LOW,Low,0.9995,0.0003,0.0002,0.0001,LOW,6.0,Rainfall_mm (value: 157.84) | Slope_Angle (value: 23.24) | Humidity (%) (value: 94.00) | Soil Moisture (%) (value: 41.00)
146,592,417,0.9998,VERY HIGH,Low,0.9995,0.0003,0.0001,0.0001,HIGH,66.0,Rainfall_mm (value: 257.21) | Slope_Angle (value: 27.40) | Soil Moisture (%) (value: 72.00) | Humidity (%) (value: 59.00)
147,391,114,0.9999,VERY HIGH,Low,0.9997,0.0002,0.0001,0.0001,HIGH,66.0,Rainfall_mm (value: 282.66) | Slope_Angle (value: 49.50) | Humidity (%) (value: 81.00) | Elevation (m) (value: 813.00)
148,1698,616,0.0048,LOW,Low,0.9997,0.0001,0.0001,0.0001,LOW,6.3,Rainfall_mm (value: 88.19) | Slope_Angle (value: 28.10) | Soil Moisture (%) (value: 78.00) | Humidity (%) (value: 66.00)
149,418,3974,0.9998,VERY HIGH,Low,0.9974,0.0019,0.0004,0.0003,HIGH,66.0,Rainfall_mm (value: 296.13) | Slope_Angle (value: 54.65) | Soil Moisture (%) (value: 79.00) | Humidity (%) (value: 71.00)
150,288,3267,0.9999,VERY HIGH,Moderate,0.0002,0.9995,0.0001,0.0001,HIGH,78.0,Rainfall_mm (value: 225.88) | Slope_Angle (value: 54.42) | Humidity (%) (value: 84.00) | Soil Moisture (%) (value: 66.00)
151,378,825,0.9996,VERY HIGH,Low,0.9998,0.0001,0.0001,0.0,HIGH,66.0,Rainfall_mm (value: 243.94) | Slope_Angle (value: 42.11) | Elevation (m) (value: 871.00) | Precipitation (mm) (value: 223.00)
152,1796,1516,0.0001,LOW,Low,0.9996,0.0002,0.0001,0.0001,LOW,6.0,Rainfall_mm (value: 55.53) | Slope_Angle (value: 10.50) | Soil Moisture (%) (value: 86.00) | Humidity (%) (value: 30.00)
153,1513,3146,0.0,LOW,Low,0.9996,0.0003,0.0001,0.0001,LOW,6.0,Rainfall_mm (value: 57.50) | Slope_Angle (value: 8.88) | Soil Moisture (%) (value: 69.00) | Humidity (%) (value: 50.00)
154,230,412,0.9998,VERY HIGH,Low,0.9998,0.0001,0.0001,0.0,HIGH,66.0,Rainfall_mm (value: 250.23) | Slope_Angle (value: 46.68) | Humidity (%) (value: 50.00) | Soil Moisture (%) (value: 41.00)
155,1017,728,0.0001,LOW,Low,0.9998,0.0001,0.0001,0.0,LOW,6.0,Rainfall_mm (value: 63.01) | Slope_Angle (value: 20.14) | Humidity (%) (value: 39.00) | Soil Moisture (%) (value: 42.00)
156,40,3348,0.9997,VERY HIGH,Low,0.9997,0.0001,0.0001,0.0001,HIGH,66.0,Rainfall_mm (value: 242.25) | Slope_Angle (value: 59.65) | Soil Moisture (%) (value: 85.00) | Humidity (%) (value: 61.00)
157,1051,2808,0.0005,LOW,Moderate,0.0001,0.9997,0.0001,0.0001,MODERATE,18.0,Rainfall_mm (value: 108.14) | Slope_Angle (value: 13.08) | Humidity (%) (value: 72.00) | Soil Moisture (%) (value: 67.00)
158,134,675,0.9991,VERY HIGH,Low,0.9996,0.0002,0.0001,0.0001,HIGH,65.9,Rainfall_mm (value: 190.61) | Slope_Angle (value: 47.54) | Soil Moisture (%) (value: 81.00) | Humidity (%) (value: 51.00)
159,200,3465,0.9979,VERY HIGH,Moderate,0.0053,0.9944,0.0002,0.0001,HIGH,77.9,Rainfall_mm (value: 154.74) | Slope_Angle (value: 57.77) | Soil Moisture (%) (value: 83.00) | Humidity (%) (value: 71.00)
160,1863,2504,0.0387,LOW,Very High,0.0,0.0001,0.0001,0.9998,HIGH,40.3,Rainfall_mm (value: 193.12) | Slope_Angle (value: 24.33) | Humidity (%) (value: 93.00) | Soil Moisture (%) (value: 87.00)
161,779,2967,1.0,VERY HIGH,Low,0.9992,0.0005,0.0002,0.0001,HIGH,66.0,Rainfall_mm (value: 258.70) | Slope_Angle (value: 54.27) | Humidity (%) (value: 94.00) | Soil Moisture (%) (value: 36.00)
162,929,2786,0.998,VERY HIGH,Low,0.9996,0.0002,0.0001,0.0001,HIGH,65.9,Rainfall_mm (value: 207.77) | Slope_Angle (value: 39.63) | Soil Moisture (%) (value: 90.00) | Humidity (%) (value: 67.00)
163,1056,1122,0.001,LOW,Low,0.9979,0.0011,0.0009,0.0001,LOW,6.1,Rainfall_mm (value: 129.85) | Slope_Angle (value: 12.58) | Humidity (%) (value: 91.00) | Soil Moisture (%) (value: 73.00)
164,1071,4079,0.027,LOW,Low,0.9998,0.0001,0.0001,0.0,LOW,7.6,Rainfall_mm (value: 195.35) | Slope_Angle (value: 28.33) | Humidity (%) (value: 69.00) | Elevation (m) (value: 824.00)
165,502,1571,0.9991,VERY HIGH,High,0.0001,0.0002,0.9996,0.0001,CRITICAL,89.9,Rainfall_mm (value: 152.72) | Slope_Angle (value: 52.75) | Humidity (%) (value: 87.00) | Soil Moisture (%) (value: 78.00)
166,406,2143,0.9994,VERY HIGH,Low,0.9998,0.0001,0.0001,0.0,HIGH,66.0,Rainfall_mm (value: 255.38) | Slope_Angle (value: 35.43) | Humidity (%) (value: 60.00) | Soil Moisture (%) (value: 50.00)
167,1597,1687,0.0007,LOW,Low,0.9998,0.0001,0.0001,0.0,LOW,6.0,Rainfall_mm (value: 178.26) | Slope_Angle (value: 21.45) | Humidity (%) (value: 48.00) | Elevation (m) (value: 795.00)
168,1751,4132,0.0001,LOW,Low,0.9998,0.0001,0.0001,0.0,LOW,6.0,Rainfall_mm (value: 107.09) | Slope_Angle (value: 5.46) | Humidity (%) (value: 45.00) | Precipitation (mm) (value: 201.00)
169,804,3851,0.9999,VERY HIGH,Low,0.9998,0.0001,0.0001,0.0,HIGH,66.0,Rainfall_mm (value: 237.50) | Slope_Angle (value: 55.95) | Humidity (%) (value: 69.00) | Elevation (m) (value: 706.00)
170,98,3440,0.9995,VERY HIGH,Low,0.9998,0.0001,0.0001,0.0,HIGH,66.0,Rainfall_mm (value: 186.37) | Slope_Angle (value: 34.42) | Humidity (%) (value: 53.00) | Elevation (m) (value: 835.00)
171,683,3766,0.9998,VERY HIGH,Low,0.9996,0.0002,0.0001,0.0001,HIGH,66.0,Rainfall_mm (value: 253.09) | Slope_Angle (value: 58.66) | Soil Moisture (%) (value: 89.00) | Humidity (%) (value: 51.00)
172,1895,2326,0.0016,LOW,Low,0.9998,0.0001,0.0001,0.0,LOW,6.1,Rainfall_mm (value: 119.06) | Slope_Angle (value: 27.67) | Humidity (%) (value: 50.00) | Precipitation (mm) (value: 201.00)
173,725,2914,0.9991,VERY HIGH,Low,0.9998,0.0001,0.0001,0.0,HIGH,65.9,Rainfall_mm (value: 156.91) | Slope_Angle (value: 57.58) | Humidity (%) (value: 80.00) | Soil Moisture (%) (value: 45.00)
174,1570,4968,0.0003,LOW,Moderate,0.0001,0.9997,0.0001,0.0001,MODERATE,18.0,Rainfall_mm (value: 80.78) | Slope_Angle (value: 24.71) | Humidity (%) (value: 82.00) | Soil Moisture (%) (value: 76.00)
175,960,3952,0.9998,VERY HIGH,Low,0.9987,0.0007,0.0005,0.0001,HIGH,66.0,Rainfall_mm (value: 287.97) | Slope_Angle (value: 28.32) | Humidity (%) (value: 92.00) | Soil Moisture (%) (value: 72.00)
176,1762,595,0.0001,LOW,Low,0.9998,0.0001,0.0001,0.0,LOW,6.0,Rainfall_mm (value: 109.93) | Slope_Angle (value: 29.65) | Humidity (%) (value: 63.00) | Soil Moisture (%) (value: 57.00)
177,612,728,0.9986,VERY HIGH,Low,0.9998,0.0001,0.0001,0.0,HIGH,65.9,Rainfall_mm (value: 157.59) | Slope_Angle (value: 39.91) | Humidity (%) (value: 39.00) | Soil Moisture (%) (value: 42.00)
178,1966,1365,0.0032,LOW,Moderate,0.0001,0.9995,0.0002,0.0002,MODERATE,18.2,Rainfall_mm (value: 122.20) | Slope_Angle (value: 22.00) | Soil Moisture (%) (value: 88.00) | Humidity (%) (value: 79.00)
179,1485,4492,0.0074,LOW,Low,0.9997,0.0002,0.0001,0.0001,LOW,6.4,Rainfall_mm (value: 121.79) | Slope_Angle (value: 22.48) | Soil Moisture (%) (value: 82.00) | Humidity (%) (value: 54.00)
180,642,698,1.0,VERY HIGH,Low,0.9998,0.0001,0.0001,0.0,HIGH,66.0,Rainfall_mm (value: 229.78) | Slope_Angle (value: 55.58) | Humidity (%) (value: 64.00) | Soil Moisture (%) (value: 38.00)
181,1792,395,0.0,LOW,Low,0.9996,0.0003,0.0001,0.0001,LOW,6.0,Rainfall_mm (value: 52.48) | Slope_Angle (value: 25.37) | Soil Moisture (%) (value: 69.00) | Humidity (%) (value: 60.00)
182,1028,4171,0.0016,LOW,Low,0.9998,0.0001,0.0001,0.0,LOW,6.1,Rainfall_mm (value: 179.66) | Slope_Angle (value: 12.73) | Elevation (m) (value: 753.00) | Humidity (%) (value: 36.00)
183,1241,4360,0.0001,LOW,Low,0.9995,0.0002,0.0001,0.0001,LOW,6.0,Rainfall_mm (value: 85.71) | Slope_Angle (value: 25.51) | Humidity (%) (value: 91.00) | Soil Moisture (%) (value: 45.00)
184,502,2502,0.9991,VERY HIGH,Low,0.9998,0.0001,0.0001,0.0,HIGH,65.9,Rainfall_mm (value: 152.72) | Slope_Angle (value: 52.75) | Humidity (%) (value: 49.00) | Elevation (m) (value: 869.00)
185,766,1819,0.9993,VERY HIGH,Low,0.9996,0.0002,0.0001,0.0001,HIGH,66.0,Rainfall_mm (value: 155.89) | Slope_Angle (value: 59.20) | Soil Moisture (%) (value: 87.00) | Humidity (%) (value: 59.00)
186,397,717,1.0,VERY HIGH,Low,0.9998,0.0001,0.0001,0.0,HIGH,66.0,Rainfall_mm (value: 178.18) | Slope_Angle (value: 50.19) | Humidity (%) (value: 49.00) | Elevation (m) (value: 531.00)
187,870,2782,0.9996,VERY HIGH,Low,0.9995,0.0002,0.0001,0.0002,HIGH,66.0,Rainfall_mm (value: 169.48) | Slope_Angle (value: 48.67) | Soil Moisture (%) (value: 88.00) | Humidity (%) (value: 52.00)
188,794,4946,0.9998,VERY HIGH,Low,0.9998,0.0001,0.0001,0.0,HIGH,66.0,Rainfall_mm (value: 156.05) | Slope_Angle (value: 36.42) | Humidity (%) (value: 67.00) | Soil Moisture (%) (value: 52.00)
189,392,3577,0.9984,VERY HIGH,Low,0.9998,0.0001,0.0001,0.0,HIGH,65.9,Rainfall_mm (value: 211.07) | Slope_Angle (value: 27.31) | Humidity (%) (value: 32.00) | Soil Moisture (%) (value: 30.00)
190,206,143,0.9812,VERY HIGH,High,0.0001,0.0001,0.9998,0.0001,CRITICAL,88.9,Rainfall_mm (value: 154.60) | Slope_Angle (value: 34.02) | Humidity (%) (value: 88.00) | Soil Moisture (%) (value: 78.00)
191,1038,4980,0.0005,LOW,Low,0.9995,0.0003,0.0001,0.0001,LOW,6.0,Rainfall_mm (value: 61.11) | Slope_Angle (value: 29.82) | Soil Moisture (%) (value: 71.00) | Humidity (%) (value: 47.00)
192,1881,3140,0.0011,LOW,Low,0.9998,0.0001,0.0001,0.0,LOW,6.1,Rainfall_mm (value: 119.99) | Slope_Angle (value: 11.43) | Humidity (%) (value: 59.00) | Elevation (m) (value: 939.00)
193,1577,4491,0.0005,LOW,Low,0.9995,0.0003,0.0001,0.0001,LOW,6.0,Rainfall_mm (value: 98.37) | Slope_Angle (value: 28.15) | Soil Moisture (%) (value: 71.00) | Humidity (%) (value: 48.00)
194,891,2938,0.987,VERY HIGH,Low,0.9998,0.0001,0.0001,0.0,HIGH,65.2,Rainfall_mm (value: 251.83) | Slope_Angle (value: 33.29) | Precipitation (mm) (value: 215.00) | Humidity (%) (value: 32.00)
195,1484,3636,0.0003,LOW,Low,0.9996,0.0003,0.0001,0.0001,LOW,6.0,Rainfall_mm (value: 167.36) | Slope_Angle (value: 18.27) | Humidity (%) (value: 78.00) | Soil Moisture (%) (value: 52.00)
196,1714,3222,0.0216,LOW,Low,0.9997,0.0002,0.0001,0.0001,LOW,7.3,Rainfall_mm (value: 191.30) | Slope_Angle (value: 10.40) | Humidity (%) (value: 76.00) | Soil Moisture (%) (value: 31.00)
197,1598,1167,0.0029,LOW,Low,0.9998,0.0001,0.0001,0.0,LOW,6.2,Rainfall_mm (value: 196.34) | Slope_Angle (value: 26.71) | Elevation (m) (value: 907.00) | Humidity (%) (value: 44.00)
198,863,2616,0.9998,VERY HIGH,Low,0.9998,0.0001,0.0001,0.0,HIGH,66.0,Rainfall_mm (value: 224.10) | Slope_Angle (value: 55.43) | Humidity (%) (value: 46.00) | Soil Moisture (%) (value: 32.00)
199,742,1062,0.9955,VERY HIGH,Moderate,0.0002,0.9996,0.0001,0.0001,HIGH,77.7,Rainfall_mm (value: 209.00) | Slope_Angle (value: 44.06) | Humidity (%) (value: 77.00) | Soil Moisture (%) (value: 67.00)
200,1264,2156,0.0005,LOW,Low,0.9998,0.0001,0.0001,0.0,LOW,6.0,Rainfall_mm (value: 134.42) | Slope_Angle (value: 12.83) | Humidity (%) (value: 63.00) | Soil Moisture (%) (value: 60.00)
201,563,2982,0.9987,VERY HIGH,Low,0.9998,0.0001,0.0001,0.0,HIGH,65.9,Rainfall_mm (value: 220.25) | Slope_Angle (value: 52.07) | Soil Moisture (%) (value: 54.00) | Humidity (%) (value: 30.00)
202,1020,3294,0.0003,LOW,Low,0.9995,0.0003,0.0001,0.0001,LOW,6.0,Rainfall_mm (value: 111.80) | Slope_Angle (value: 8.46) | Soil Moisture (%) (value: 73.00) | Elevation (m) (value: 988.00)
203,95,4729,0.9986,VERY HIGH,Low,0.9997,0.0002,0.0001,0.0001,HIGH,65.9,Rainfall_mm (value: 280.25) | Slope_Angle (value: 27.96) | Soil Moisture (%) (value: 70.00) | Elevation (m) (value: 908.00)
204,1923,1156,0.0001,LOW,Low,0.9998,0.0001,0.0001,0.0,LOW,6.0,Rainfall_mm (value: 157.70) | Slope_Angle (value: 12.78) | Elevation (m) (value: 729.00) | Humidity (%) (value: 37.00)
205,1757,732,0.0001,LOW,Low,0.9998,0.0001,0.0001,0.0,LOW,6.0,Rainfall_mm (value: 164.38) | Slope_Angle (value: 11.42) | Humidity (%) (value: 69.00) | Soil Moisture (%) (value: 35.00)
206,484,4330,0.9999,VERY HIGH,Low,0.9996,0.0002,0.0001,0.0001,HIGH,66.0,Rainfall_mm (value: 284.30) | Slope_Angle (value: 48.33) | Humidity (%) (value: 83.00) | Soil Moisture (%) (value: 51.00)
207,1430,4846,0.0002,LOW,Low,0.9993,0.0004,0.0003,0.0001,LOW,6.0,Rainfall_mm (value: 185.34) | Slope_Angle (value: 26.89) | Humidity (%) (value: 88.00) | Precipitation (mm) (value: 222.00)
208,230,953,0.9998,VERY HIGH,Low,0.9995,0.0003,0.0002,0.0001,HIGH,66.0,Rainfall_mm (value: 250.23) | Slope_Angle (value: 46.68) | Humidity (%) (value: 95.00) | Elevation (m) (value: 874.00)
209,748,2539,0.9787,VERY HIGH,Low,0.9992,0.0004,0.0003,0.0001,HIGH,64.7,Rainfall_mm (value: 160.36) | Slope_Angle (value: 36.72) | Humidity (%) (value: 86.00) | Elevation (m) (value: 560.00)
210,1678,3324,0.0029,LOW,Low,0.9996,0.0002,0.0001,0.0001,LOW,6.2,Rainfall_mm (value: 112.18) | Slope_Angle (value: 26.05) | Soil Moisture (%) (value: 85.00) | Humidity (%) (value: 50.00)
211,1194,3301,0.0001,LOW,Moderate,0.0003,0.999,0.0006,0.0002,MODERATE,18.0,Rainfall_mm (value: 63.16) | Slope_Angle (value: 14.79) | Humidity (%) (value: 88.00) | Soil Moisture (%) (value: 70.00)
212,540,1542,0.9995,VERY HIGH,Low,0.9998,0.0001,0.0001,0.0,HIGH,66.0,Rainfall_mm (value: 200.29) | Slope_Angle (value: 27.35) | Soil Moisture (%) (value: 56.00) | Humidity (%) (value: 47.00)
213,1059,1191,0.0114,LOW,Low,0.9995,0.0003,0.0001,0.0002,LOW,6.7,Rainfall_mm (value: 178.17) | Slope_Angle (value: 5.12) | Soil Moisture (%) (value: 86.00) | Humidity (%) (value: 63.00)
214,524,2993,0.9998,VERY HIGH,Low,0.9995,0.0002,0.0002,0.0001,HIGH,66.0,Rainfall_mm (value: 278.70) | Slope_Angle (value: 59.92) | Humidity (%) (value: 93.00) | Elevation (m) (value: 715.00)
215,1183,2681,0.0001,LOW,Moderate,0.0001,0.9997,0.0001,0.0001,MODERATE,18.0,Rainfall_mm (value: 135.43) | Slope_Angle (value: 23.46) | Humidity (%) (value: 72.00) | Soil Moisture (%) (value: 74.00)
216,1862,1217,0.0001,LOW,Moderate,0.0001,0.9998,0.0001,0.0001,MODERATE,18.0,Rainfall_mm (value: 169.59) | Slope_Angle (value: 12.54) | Humidity (%) (value: 74.00) | Soil Moisture (%) (value: 66.00)
217,1722,1540,0.0,LOW,Low,0.9996,0.0002,0.0001,0.0001,LOW,6.0,Rainfall_mm (value: 143.24) | Slope_Angle (value: 8.21) | Soil Moisture (%) (value: 77.00) | Humidity (%) (value: 65.00)
218,1266,3236,0.0001,LOW,Low,0.9997,0.0002,0.0001,0.0001,LOW,6.0,Rainfall_mm (value: 128.77) | Slope_Angle (value: 10.07) | Soil Moisture (%) (value: 62.00) | Humidity (%) (value: 37.00)
219,1109,2386,0.0005,LOW,Low,0.9997,0.0002,0.0001,0.0001,LOW,6.0,Rainfall_mm (value: 113.05) | Slope_Angle (value: 28.59) | Soil Moisture (%) (value: 83.00) | Humidity (%) (value: 66.00)
220,1819,3719,0.0003,LOW,Low,0.9998,0.0001,0.0001,0.0,LOW,6.0,Rainfall_mm (value: 78.27) | Slope_Angle (value: 25.15) | Humidity (%) (value: 39.00) | Elevation (m) (value: 436.00)
221,577,1388,0.9999,VERY HIGH,Low,0.9995,0.0002,0.0002,0.0001,HIGH,66.0,Rainfall_mm (value: 263.62) | Slope_Angle (value: 35.33) | Humidity (%) (value: 94.00) | Elevation (m) (value: 835.00)
222,681,1856,0.9982,VERY HIGH,Low,0.9997,0.0002,0.0001,0.0001,HIGH,65.9,Rainfall_mm (value: 175.43) | Slope_Angle (value: 26.78) | Soil Moisture (%) (value: 64.00) | Humidity (%) (value: 49.00)
223,556,1365,0.992,VERY HIGH,Moderate,0.0001,0.9995,0.0002,0.0002,HIGH,77.5,Rainfall_mm (value: 205.11) | Slope_Angle (value: 28.05) | Soil Moisture (%) (value: 88.00) | Humidity (%) (value: 79.00)
224,1597,499,0.0007,LOW,Low,0.9997,0.0002,0.0001,0.0,LOW,6.0,Rainfall_mm (value: 178.26) | Slope_Angle (value: 21.45) | Humidity (%) (value: 73.00) | Soil Moisture (%) (value: 34.00)
225,1976,1680,0.0001,LOW,Low,0.9996,0.0002,0.0001,0.0001,LOW,6.0,Rainfall_mm (value: 117.46) | Slope_Angle (value: 11.96) | Soil Moisture (%) (value: 83.00) | Humidity (%) (value: 65.00)
226,1012,510,0.0005,LOW,Low,0.9989,0.0009,0.0001,0.0001,LOW,6.0,Rainfall_mm (value: 105.57) | Slope_Angle (value: 19.22) | Humidity (%) (value: 84.00) | Soil Moisture (%) (value: 74.00)
227,645,4312,0.9998,VERY HIGH,Low,0.9997,0.0002,0.0001,0.0001,HIGH,66.0,Rainfall_mm (value: 299.20) | Slope_Angle (value: 28.24) | Soil Moisture (%) (value: 83.00) | Humidity (%) (value: 56.00)
228,795,1324,1.0,VERY HIGH,Low,0.9997,0.0002,0.0001,0.0,HIGH,66.0,Rainfall_mm (value: 292.81) | Slope_Angle (value: 36.97) | Humidity (%) (value: 81.00) | Precipitation (mm) (value: 188.00)
229,1051,1155,0.0005,LOW,Low,0.9998,0.0001,0.0001,0.0,LOW,6.0,Rainfall_mm (value: 108.14) | Slope_Angle (value: 13.08) | Humidity (%) (value: 44.00) | Elevation (m) (value: 771.00)
230,1643,1827,0.0018,LOW,Low,0.9976,0.0021,0.0001,0.0001,LOW,6.1,Rainfall_mm (value: 139.67) | Slope_Angle (value: 5.37) | Humidity (%) (value: 84.00) | Soil Moisture (%) (value: 88.00)
231,1579,3141,0.0001,LOW,Low,0.9997,0.0002,0.0001,0.0001,LOW,6.0,Rainfall_mm (value: 188.93) | Slope_Angle (value: 7.21) | Humidity (%) (value: 76.00) | Soil Moisture (%) (value: 60.00)
232,1363,3486,0.0004,LOW,Low,0.9996,0.0003,0.0001,0.0001,LOW,6.0,Rainfall_mm (value: 118.13) | Slope_Angle (value: 10.97) | Humidity (%) (value: 60.00) | Soil Moisture (%) (value: 63.00)
233,1821,1810,0.0008,LOW,Low,0.9996,0.0002,0.0001,0.0001,LOW,6.1,Rainfall_mm (value: 145.10) | Slope_Angle (value: 26.09) | Humidity (%) (value: 76.00) | Elevation (m) (value: 964.00)
234,1981,2923,0.0009,LOW,Moderate,0.001,0.9983,0.0005,0.0002,MODERATE,18.1,Rainfall_mm (value: 186.09) | Slope_Angle (value: 20.61) | Humidity (%) (value: 89.00) | Soil Moisture (%) (value: 61.00)
235,1354,2214,0.0029,LOW,Low,0.9998,0.0001,0.0001,0.0,LOW,6.2,Rainfall_mm (value: 88.74) | Slope_Angle (value: 17.02) | Soil Moisture (%) (value: 59.00) | Humidity (%) (value: 48.00)
236,1663,4186,0.0002,LOW,Low,0.9996,0.0003,0.0001,0.0001,LOW,6.0,Rainfall_mm (value: 166.49) | Slope_Angle (value: 13.03) | Humidity (%) (value: 84.00) | Soil Moisture (%) (value: 60.00)
237,1529,713,0.0081,LOW,Low,0.9995,0.0003,0.0001,0.0001,LOW,6.5,Rainfall_mm (value: 173.60) | Slope_Angle (value: 21.93) | Soil Moisture (%) (value: 79.00) | Precipitation (mm) (value: 213.00)
238,1371,3602,0.0,LOW,Low,0.9998,0.0001,0.0001,0.0,LOW,6.0,Rainfall_mm (value: 54.18) | Slope_Angle (value: 25.13) | Humidity (%) (value: 50.00) | Precipitation (mm) (value: 243.00)
239,1496,4134,0.001,LOW,Low,0.9995,0.0002,0.0001,0.0001,LOW,6.1,Rainfall_mm (value: 70.74) | Slope_Angle (value: 29.15) | Soil Moisture (%) (value: 86.00) | Humidity (%) (value: 34.00)
240,1254,3522,0.0001,LOW,Low,0.9996,0.0002,0.0001,0.0001,LOW,6.0,Rainfall_mm (value: 173.57) | Slope_Angle (value: 7.58) | Soil Moisture (%) (value: 64.00) | Humidity (%) (value: 30.00)
241,189,4268,0.9941,VERY HIGH,Moderate,0.0004,0.9985,0.0008,0.0003,HIGH,77.6,Rainfall_mm (value: 196.79) | Slope_Angle (value: 36.23) | Humidity (%) (value: 95.00) | Soil Moisture (%) (value: 67.00)
242,1248,4748,0.0018,LOW,Low,0.9989,0.0009,0.0001,0.0001,LOW,6.1,Rainfall_mm (value: 196.06) | Slope_Angle (value: 21.58) | Humidity (%) (value: 73.00) | Soil Moisture (%) (value: 71.00)
243,1408,4849,0.001,LOW,Low,0.9997,0.0002,0.0001,0.0001,LOW,6.1,Rainfall_mm (value: 70.22) | Slope_Angle (value: 17.40) | Soil Moisture (%) (value: 84.00) | Humidity (%) (value: 63.00)
244,1400,1243,0.0,LOW,Low,0.9995,0.0003,0.0001,0.0001,LOW,6.0,Rainfall_mm (value: 136.46) | Slope_Angle (value: 24.80) | Humidity (%) (value: 90.00) | Elevation (m) (value: 427.00)
245,1306,3709,0.0008,LOW,Low,0.9995,0.0002,0.0001,0.0002,LOW,6.0,Rainfall_mm (value: 77.18) | Slope_Angle (value: 25.26) | Soil Moisture (%) (value: 86.00) | Humidity (%) (value: 54.00)
246,1981,1081,0.0009,LOW,Low,0.9996,0.0003,0.0001,0.0001,LOW,6.1,Rainfall_mm (value: 186.09) | Slope_Angle (value: 20.61) | Soil Moisture (%) (value: 71.00) | Humidity (%) (value: 51.00)
247,632,455,0.9993,VERY HIGH,Low,0.9993,0.0004,0.0002,0.0001,HIGH,66.0,Rainfall_mm (value: 283.56) | Slope_Angle (value: 45.19) | Humidity (%) (value: 89.00) | Precipitation (mm) (value: 181.00)
248,627,4924,0.9993,VERY HIGH,Low,0.9996,0.0002,0.0001,0.0001,HIGH,66.0,Rainfall_mm (value: 150.20) | Slope_Angle (value: 38.23) | Humidity (%) (value: 74.00) | Precipitation (mm) (value: 218.00)
249,972,894,0.9988,VERY HIGH,Low,0.9998,0.0001,0.0001,0.0,HIGH,65.9,Rainfall_mm (value: 247.16) | Slope_Angle (value: 26.03) | Humidity (%) (value: 47.00) | Elevation (m) (value: 784.00)
250,1768,1384,0.0003,LOW,Low,0.9995,0.0003,0.0001,0.0001,LOW,6.0,Rainfall_mm (value: 112.36) | Slope_Angle (value: 24.67) | Soil Moisture (%) (value: 87.00) | Humidity (%) (value: 48.00)
251,1282,1958,0.0001,LOW,Low,0.9998,0.0001,0.0001,0.0,LOW,6.0,Rainfall_mm (value: 114.77) | Slope_Angle (value: 24.65) | Humidity (%) (value: 54.00) | Elevation (m) (value: 915.00)
252,1382,3072,0.0014,LOW,Low,0.9995,0.0003,0.0001,0.0001,LOW,6.1,Rainfall_mm (value: 133.01) | Slope_Angle (value: 5.28) | Humidity (%) (value: 69.00) | Soil Moisture (%) (value: 70.00)
253,709,1996,0.9975,VERY HIGH,Low,0.9997,0.0002,0.0001,0.0001,HIGH,65.9,Rainfall_mm (value: 246.24) | Slope_Angle (value: 25.89) | Soil Moisture (%) (value: 70.00) | Humidity (%) (value: 32.00)
254,1479,4285,0.0057,LOW,Low,0.9995,0.0003,0.0001,0.0001,LOW,6.3,Rainfall_mm (value: 195.79) | Slope_Angle (value: 26.26) | Soil Moisture (%) (value: 83.00) | Humidity (%) (value: 66.00)
255,1434,504,0.0036,LOW,Low,0.9998,0.0001,0.0001,0.0,LOW,6.2,Rainfall_mm (value: 182.70) | Slope_Angle (value: 20.41) | Soil Moisture (%) (value: 57.00) | Humidity (%) (value: 35.00)
256,648,1214,0.9968,VERY HIGH,Low,0.9988,0.0009,0.0001,0.0001,HIGH,65.8,Rainfall_mm (value: 231.65) | Slope_Angle (value: 33.18) | Humidity (%) (value: 84.00) | Soil Moisture (%) (value: 79.00)
257,317,1531,0.9988,VERY HIGH,Low,0.9998,0.0001,0.0001,0.0,HIGH,65.9,Rainfall_mm (value: 268.05) | Slope_Angle (value: 28.92) | Humidity (%) (value: 33.00) | Precipitation (mm) (value: 154.00)
258,1700,3440,0.0002,LOW,Low,0.9998,0.0001,0.0001,0.0,LOW,6.0,Rainfall_mm (value: 53.46) | Slope_Angle (value: 8.33) | Humidity (%) (value: 53.00) | Elevation (m) (value: 835.00)
259,1248,823,0.0018,LOW,Low,0.9998,0.0001,0.0001,0.0,LOW,6.1,Rainfall_mm (value: 196.06) | Slope_Angle (value: 21.58) | Humidity (%) (value: 35.00) | Elevation (m) (value: 476.00)
260,1842,928,0.0014,LOW,Low,0.9996,0.0002,0.0001,0.0001,LOW,6.1,Rainfall_mm (value: 143.39) | Slope_Angle (value: 8.95) | Humidity (%) (value: 84.00) | Soil Moisture (%) (value: 52.00)
261,1257,133,0.0005,LOW,Low,0.9994,0.0003,0.0001,0.0001,LOW,6.0,Rainfall_mm (value: 147.63) | Slope_Angle (value: 9.97) | Humidity (%) (value: 92.00) | Precipitation (mm) (value: 204.00)
262,683,2105,0.9998,VERY HIGH,Low,0.9995,0.0003,0.0002,0.0001,HIGH,66.0,Rainfall_mm (value: 253.09) | Slope_Angle (value: 58.66) | Humidity (%) (value: 95.00) | Soil Moisture (%) (value: 34.00)
263,663,3627,0.9999,VERY HIGH,Low,0.9997,0.0002,0.0001,0.0001,HIGH,66.0,Rainfall_mm (value: 196.05) | Slope_Angle (value: 31.83) | Soil Moisture (%) (value: 67.00) | Humidity (%) (value: 56.00)
264,1998,4780,0.0,LOW,Low,0.9998,0.0001,0.0001,0.0,LOW,6.0,Rainfall_mm (value: 50.92) | Slope_Angle (value: 16.60) | Soil Moisture (%) (value: 60.00) | Elevation (m) (value: 881.00)
265,1850,1852,0.0,LOW,Low,0.9998,0.0001,0.0001,0.0,LOW,6.0,Rainfall_mm (value: 59.07) | Slope_Angle (value: 23.73) | Humidity (%) (value: 66.00) | Soil Moisture (%) (value: 42.00)
266,1397,4910,0.0088,LOW,Low,0.9998,0.0001,0.0001,0.0,LOW,6.5,Rainfall_mm (value: 161.88) | Slope_Angle (value: 24.87) | Humidity (%) (value: 60.00) | Soil Moisture (%) (value: 44.00)
267,1695,4175,0.0082,LOW,Low,0.9997,0.0002,0.0001,0.0001,LOW,6.5,Rainfall_mm (value: 183.80) | Slope_Angle (value: 5.78) | Humidity (%) (value: 75.00) | Soil Moisture (%) (value: 33.00)
268,1631,2933,0.0,LOW,Low,0.9995,0.0002,0.0001,0.0002,LOW,6.0,Rainfall_mm (value: 192.33) | Slope_Angle (value: 13.39) | Soil Moisture (%) (value: 86.00) | Precipitation (mm) (value: 221.00)
269,1495,3284,0.0007,LOW,Low,0.9995,0.0003,0.0001,0.0001,LOW,6.0,Rainfall_mm (value: 61.04) | Slope_Angle (value: 20.73) | Humidity (%) (value: 68.00) | Soil Moisture (%) (value: 63.00)
270,1256,4298,0.0,LOW,Low,0.9991,0.0005,0.0003,0.0002,LOW,6.0,Rainfall_mm (value: 106.45) | Slope_Angle (value: 14.08) | Humidity (%) (value: 94.00) | Precipitation (mm) (value: 225.00)
271,1715,2811,0.0042,LOW,Low,0.9998,0.0001,0.0001,0.0,LOW,6.3,Rainfall_mm (value: 52.13) | Slope_Angle (value: 24.55) | Humidity (%) (value: 50.00) | Elevation (m) (value: 880.00)
272,1136,1250,0.0,LOW,Low,0.9998,0.0001,0.0001,0.0,LOW,6.0,Rainfall_mm (value: 153.12) | Slope_Angle (value: 13.14) | Soil Moisture (%) (value: 60.00) | Humidity (%) (value: 51.00)
273,1853,3512,0.0016,LOW,Low,0.9984,0.001,0.0004,0.0001,LOW,6.1,Rainfall_mm (value: 141.56) | Slope_Angle (value: 23.27) | Humidity (%) (value: 91.00) | Soil Moisture (%) (value: 77.00)
274,1520,1256,0.0,LOW,Low,0.9995,0.0003,0.0001,0.0001,LOW,6.0,Rainfall_mm (value: 113.43) | Slope_Angle (value: 19.14) | Soil Moisture (%) (value: 80.00) | Humidity (%) (value: 51.00)
275,441,3376,0.9995,VERY HIGH,Low,0.9993,0.0004,0.0002,0.0002,HIGH,66.0,Rainfall_mm (value: 198.95) | Slope_Angle (value: 54.39) | Soil Moisture (%) (value: 90.00) | Humidity (%) (value: 70.00)
276,563,3486,0.9987,VERY HIGH,Low,0.9996,0.0003,0.0001,0.0001,HIGH,65.9,Rainfall_mm (value: 220.25) | Slope_Angle (value: 52.07) | Humidity (%) (value: 60.00) | Soil Moisture (%) (value: 63.00)
277,1291,3584,0.0032,LOW,Low,0.9995,0.0002,0.0001,0.0001,LOW,6.2,Rainfall_mm (value: 195.43) | Slope_Angle (value: 23.66) | Humidity (%) (value: 92.00) | Elevation (m) (value: 666.00)
278,1533,1396,0.0023,LOW,Low,0.9998,0.0001,0.0001,0.0,LOW,6.1,Rainfall_mm (value: 104.36) | Slope_Angle (value: 23.44) | Humidity (%) (value: 50.00) | Soil Moisture (%) (value: 54.00)
279,1830,3637,0.0,LOW,Moderate,0.0002,0.999,0.0006,0.0002,MODERATE,18.0,Rainfall_mm (value: 94.37) | Slope_Angle (value: 6.68) | Humidity (%) (value: 90.00) | Soil Moisture (%) (value: 67.00)
280,1409,3330,0.0,LOW,Low,0.9996,0.0003,0.0001,0.0001,LOW,6.0,Rainfall_mm (value: 86.01) | Slope_Angle (value: 18.92) | Soil Moisture (%) (value: 65.00) | Humidity (%) (value: 31.00)
281,1410,2703,0.0007,LOW,Low,0.9998,0.0001,0.0001,0.0,LOW,6.0,Rainfall_mm (value: 173.07) | Slope_Angle (value: 26.35) | Humidity (%) (value: 73.00) | Soil Moisture (%) (value: 42.00)
282,1136,470,0.0,LOW,Low,0.9996,0.0002,0.0001,0.0001,LOW,6.0,Rainfall_mm (value: 153.12) | Slope_Angle (value: 13.14) | Humidity (%) (value: 72.00) | Elevation (m) (value: 809.00)
283,1636,1353,0.0014,LOW,Low,0.9993,0.0005,0.0002,0.0001,LOW,6.1,Rainfall_mm (value: 104.60) | Slope_Angle (value: 28.99) | Humidity (%) (value: 86.00) | Soil Moisture (%) (value: 52.00)
284,1648,2783,0.0118,LOW,Low,0.9998,0.0001,0.0001,0.0,LOW,6.7,Rainfall_mm (value: 191.03) | Slope_Angle (value: 24.05) | Elevation (m) (value: 977.00) | Humidity (%) (value: 38.00)
285,951,2831,0.9986,VERY HIGH,Low,0.9996,0.0003,0.0001,0.0001,HIGH,65.9,Rainfall_mm (value: 224.87) | Slope_Angle (value: 28.85) | Humidity (%) (value: 84.00) | Soil Moisture (%) (value: 32.00)
286,1104,357,0.0008,LOW,Low,0.9995,0.0003,0.0001,0.0001,LOW,6.0,Rainfall_mm (value: 198.75) | Slope_Angle (value: 24.26) | Soil Moisture (%) (value: 78.00) | Humidity (%) (value: 37.00)
287,698,3019,0.9986,VERY HIGH,Low,0.9997,0.0002,0.0001,0.0001,HIGH,65.9,Rainfall_mm (value: 242.31) | Slope_Angle (value: 27.86) | Soil Moisture (%) (value: 64.00) | Humidity (%) (value: 48.00)
288,112,667,0.9788,VERY HIGH,Low,0.9997,0.0002,0.0001,0.0001,HIGH,64.7,Rainfall_mm (value: 180.24) | Slope_Angle (value: 30.73) | Humidity (%) (value: 82.00) | Soil Moisture (%) (value: 59.00)
289,1,4468,0.9863,VERY HIGH,Low,0.9996,0.0002,0.0001,0.0001,HIGH,65.2,Rainfall_mm (value: 218.89) | Slope_Angle (value: 36.68) | Humidity (%) (value: 86.00) | Elevation (m) (value: 794.00)
290,641,1145,0.9998,VERY HIGH,Low,0.9981,0.0014,0.0004,0.0001,HIGH,66.0,Rainfall_mm (value: 208.48) | Slope_Angle (value: 41.80) | Humidity (%) (value: 87.00) | Soil Moisture (%) (value: 78.00)
291,219,4185,0.9993,VERY HIGH,Low,0.9992,0.0006,0.0001,0.0001,HIGH,66.0,Rainfall_mm (value: 209.61) | Slope_Angle (value: 41.80) | Soil Moisture (%) (value: 84.00) | Humidity (%) (value: 76.00)
292,1589,3719,0.0008,LOW,Low,0.9998,0.0001,0.0001,0.0,LOW,6.0,Rainfall_mm (value: 132.61) | Slope_Angle (value: 12.25) | Humidity (%) (value: 39.00) | Elevation (m) (value: 436.00)
293,854,2745,0.9997,VERY HIGH,Moderate,0.0001,0.9998,0.0001,0.0001,HIGH,78.0,Rainfall_mm (value: 207.76) | Slope_Angle (value: 58.00) | Humidity (%) (value: 81.00) | Soil Moisture (%) (value: 68.00)
294,1759,539,0.0015,LOW,Low,0.9997,0.0002,0.0001,0.0001,LOW,6.1,Rainfall_mm (value: 194.44) | Slope_Angle (value: 20.87) | Soil Moisture (%) (value: 62.00) | Humidity (%) (value: 34.00)
295,1248,2779,0.0018,LOW,Low,0.9998,0.0001,0.0001,0.0,LOW,6.1,Rainfall_mm (value: 196.06) | Slope_Angle (value: 21.58) | Humidity (%) (value: 53.00) | Soil Moisture (%) (value: 50.00)
296,384,4964,1.0,VERY HIGH,Low,0.9997,0.0002,0.0001,0.0001,HIGH,66.0,Rainfall_mm (value: 236.59) | Slope_Angle (value: 55.30) | Humidity (%) (value: 85.00) | Elevation (m) (value: 857.00)
297,1426,4136,0.0,LOW,Low,0.9995,0.0003,0.0001,0.0001,LOW,6.0,Rainfall_mm (value: 93.38) | Slope_Angle (value: 12.74) | Soil Moisture (%) (value: 74.00) | Humidity (%) (value: 49.00)
298,1661,4835,0.0002,LOW,Low,0.9995,0.0003,0.0001,0.0001,LOW,6.0,Rainfall_mm (value: 87.86) | Slope_Angle (value: 5.46) | Soil Moisture (%) (value: 87.00) | Humidity (%) (value: 59.00)
299,1153,3775,0.0003,LOW,Low,0.9995,0.0002,0.0002,0.0001,LOW,6.0,Rainfall_mm (value: 81.91) | Slope_Angle (value: 20.09) | Humidity (%) (value: 93.00) | Elevation (m) (value: 870.00)
300,1076,2508,0.0007,LOW,Low,0.9992,0.0004,0.0003,0.0001,LOW,6.0,Rainfall_mm (value: 189.28) | Slope_Angle (value: 19.49) | Humidity (%) (value: 86.00) | Elevation (m) (value: 794.00)
301,1707,2779,0.0017,LOW,Low,0.9998,0.0001,0.0001,0.0,LOW,6.1,Rainfall_mm (value: 193.70) | Slope_Angle (value: 19.71) | Humidity (%) (value: 53.00) | Soil Moisture (%) (value: 50.00)
302,729,924,0.9999,VERY HIGH,Low,0.9998,0.0001,0.0001,0.0,HIGH,66.0,Rainfall_mm (value: 261.60) | Slope_Angle (value: 49.89) | Soil Moisture (%) (value: 50.00) | Humidity (%) (value: 36.00)
303,1695,2956,0.0082,LOW,Low,0.9997,0.0002,0.0001,0.0001,LOW,6.5,Rainfall_mm (value: 183.80) | Slope_Angle (value: 5.78) | Humidity (%) (value: 75.00) | Soil Moisture (%) (value: 48.00)
304,1733,1581,0.0008,LOW,Low,0.9991,0.0005,0.0003,0.0001,LOW,6.0,Rainfall_mm (value: 139.07) | Slope_Angle (value: 10.20) | Humidity (%) (value: 91.00) | Soil Moisture (%) (value: 55.00)
305,1439,3324,0.0,LOW,Low,0.9996,0.0002,0.0001,0.0001,LOW,6.0,Rainfall_mm (value: 94.34) | Slope_Angle (value: 22.63) | Soil Moisture (%) (value: 85.00) | Humidity (%) (value: 50.00)
306,246,4485,0.9997,VERY HIGH,Low,0.9996,0.0002,0.0001,0.0001,HIGH,66.0,Rainfall_mm (value: 284.13) | Slope_Angle (value: 31.72) | Humidity (%) (value: 82.00) | Elevation (m) (value: 731.00)
307,835,255,0.9997,VERY HIGH,Low,0.9998,0.0001,0.0001,0.0,HIGH,66.0,Rainfall_mm (value: 210.77) | Slope_Angle (value: 25.09) | Humidity (%) (value: 54.00) | Precipitation (mm) (value: 234.00)
308,1462,4804,0.0024,LOW,Moderate,0.0001,0.9998,0.0001,0.0001,MODERATE,18.1,Rainfall_mm (value: 189.35) | Slope_Angle (value: 14.45) | Humidity (%) (value: 73.00) | Soil Moisture (%) (value: 79.00)
309,202,1838,0.9997,VERY HIGH,Low,0.9998,0.0001,0.0001,0.0,HIGH,66.0,Rainfall_mm (value: 272.59) | Slope_Angle (value: 40.83) | Humidity (%) (value: 47.00) | Soil Moisture (%) (value: 47.00)
310,1207,1944,0.0,LOW,Low,0.9997,0.0002,0.0001,0.0001,LOW,6.0,Rainfall_mm (value: 84.27) | Slope_Angle (value: 26.66) | Humidity (%) (value: 67.00) | Soil Moisture (%) (value: 62.00)
311,122,9,0.9967,VERY HIGH,Low,0.9998,0.0001,0.0001,0.0,HIGH,65.8,Rainfall_mm (value: 241.72) | Slope_Angle (value: 25.63) | Humidity (%) (value: 62.00) | Elevation (m) (value: 807.00)
312,400,2871,0.9975,VERY HIGH,Low,0.9997,0.0002,0.0001,0.0001,HIGH,65.8,Rainfall_mm (value: 244.43) | Slope_Angle (value: 26.90) | Humidity (%) (value: 70.00) | Soil Moisture (%) (value: 77.00)
313,766,797,0.9993,VERY HIGH,Low,0.9997,0.0002,0.0001,0.0001,HIGH,66.0,Rainfall_mm (value: 155.89) | Slope_Angle (value: 59.20) | Humidity (%) (value: 77.00) | Soil Moisture (%) (value: 48.00)
314,293,4972,0.9997,VERY HIGH,Low,0.9998,0.0001,0.0001,0.0,HIGH,66.0,Rainfall_mm (value: 151.65) | Slope_Angle (value: 51.23) | Humidity (%) (value: 59.00) | Elevation (m) (value: 837.00)
315,279,1015,0.998,VERY HIGH,Low,0.9996,0.0003,0.0001,0.0001,HIGH,65.9,Rainfall_mm (value: 162.39) | Slope_Angle (value: 43.01) | Soil Moisture (%) (value: 78.00) | Humidity (%) (value: 58.00)
316,1860,1824,0.0,LOW,Low,0.9998,0.0001,0.0001,0.0,LOW,6.0,Rainfall_mm (value: 90.95) | Slope_Angle (value: 11.11) | Soil Moisture (%) (value: 57.00) | Humidity (%) (value: 46.00)
317,883,4469,0.9981,VERY HIGH,Low,0.9998,0.0001,0.0001,0.0,HIGH,65.9,Rainfall_mm (value: 214.65) | Slope_Angle (value: 42.87) | Humidity (%) (value: 57.00) | Precipitation (mm) (value: 218.00)
318,1633,3136,0.0004,LOW,Low,0.9998,0.0001,0.0001,0.0,LOW,6.0,Rainfall_mm (value: 170.15) | Slope_Angle (value: 14.93) | Soil Moisture (%) (value: 47.00) | Humidity (%) (value: 42.00)
319,197,2193,0.9971,VERY HIGH,Low,0.9997,0.0002,0.0001,0.0001,HIGH,65.8,Rainfall_mm (value: 181.55) | Slope_Angle (value: 37.11) | Humidity (%) (value: 72.00) | Soil Moisture (%) (value: 51.00)
320,981,223,0.9999,VERY HIGH,Low,0.9997,0.0002,0.0001,0.0001,HIGH,66.0,Rainfall_mm (value: 237.22) | Slope_Angle (value: 58.17) | Humidity (%) (value: 80.00) | Soil Moisture (%) (value: 59.00)
321,1930,4948,0.0007,LOW,Low,0.9998,0.0001,0.0001,0.0,LOW,6.0,Rainfall_mm (value: 65.13) | Slope_Angle (value: 20.14) | Humidity (%) (value: 33.00) | Soil Moisture (%) (value: 36.00)
322,1534,4158,0.0004,LOW,Low,0.9992,0.0004,0.0002,0.0001,LOW,6.0,Rainfall_mm (value: 196.41) | Slope_Angle (value: 28.92) | Humidity (%) (value: 95.00) | Soil Moisture (%) (value: 45.00)
323,751,3925,0.9978,VERY HIGH,Low,0.9996,0.0003,0.0001,0.0001,HIGH,65.9,Rainfall_mm (value: 220.70) | Slope_Angle (value: 41.54) | Humidity (%) (value: 82.00) | Elevation (m) (value: 549.00)
324,143,4784,0.9999,VERY HIGH,Low,0.9996,0.0002,0.0001,0.0001,HIGH,66.0,Rainfall_mm (value: 182.70) | Slope_Angle (value: 47.58) | Soil Moisture (%) (value: 86.00) | Humidity (%) (value: 69.00)
325,608,4000,0.9978,VERY HIGH,Low,0.9995,0.0003,0.0001,0.0001,HIGH,65.9,Rainfall_mm (value: 296.20) | Slope_Angle (value: 29.74) | Humidity (%) (value: 91.00) | Elevation (m) (value: 904.00)
326,1224,1633,0.0093,LOW,Low,0.9992,0.0006,0.0001,0.0001,LOW,6.6,Rainfall_mm (value: 150.40) | Slope_Angle (value: 25.79) | Humidity (%) (value: 74.00) | Soil Moisture (%) (value: 81.00)
327,1147,2152,0.0288,LOW,Low,0.9997,0.0002,0.0001,0.0,LOW,7.7,Rainfall_mm (value: 93.61) | Slope_Angle (value: 29.59) | Humidity (%) (value: 72.00) | Precipitation (mm) (value: 218.00)
328,186,510,1.0,VERY HIGH,Low,0.9989,0.0009,0.0001,0.0001,HIGH,66.0,Rainfall_mm (value: 299.57) | Slope_Angle (value: 39.92) | Humidity (%) (value: 84.00) | Soil Moisture (%) (value: 74.00)
329,1349,384,0.0002,LOW,Moderate,0.0001,0.9997,0.0001,0.0001,MODERATE,18.0,Rainfall_mm (value: 130.71) | Slope_Angle (value: 27.69) | Humidity (%) (value: 78.00) | Soil Moisture (%) (value: 85.00)
330,463,404,0.9983,VERY HIGH,Low,0.9997,0.0002,0.0001,0.0,HIGH,65.9,Rainfall_mm (value: 178.04) | Slope_Angle (value: 25.69) | Humidity (%) (value: 90.00) | Soil Moisture (%) (value: 58.00)
331,1372,4613,0.002,LOW,Low,0.9995,0.0003,0.0001,0.0001,LOW,6.1,Rainfall_mm (value: 116.57) | Slope_Angle (value: 19.27) | Soil Moisture (%) (value: 72.00) | Humidity (%) (value: 35.00)
332,1794,4571,0.0006,LOW,Low,0.9996,0.0002,0.0001,0.0001,LOW,6.0,Rainfall_mm (value: 199.79) | Slope_Angle (value: 20.74) | Soil Moisture (%) (value: 80.00) | Humidity (%) (value: 64.00)
333,659,2000,0.9922,VERY HIGH,Low,0.9998,0.0001,0.0001,0.0,HIGH,65.5,Rainfall_mm (value: 182.24) | Slope_Angle (value: 26.47) | Humidity (%) (value: 49.00) | Soil Moisture (%) (value: 50.00)
334,763,2756,0.9975,VERY HIGH,Low,0.9997,0.0002,0.0001,0.0001,HIGH,65.9,Rainfall_mm (value: 182.87) | Slope_Angle (value: 28.95) | Soil Moisture (%) (value: 85.00) | Humidity (%) (value: 66.00)
335,954,1668,1.0,VERY HIGH,Low,0.9998,0.0001,0.0001,0.0,HIGH,66.0,Rainfall_mm (value: 210.38) | Slope_Angle (value: 57.20) | Humidity (%) (value: 63.00) | Soil Moisture (%) (value: 59.00)
336,1955,1460,0.0003,LOW,Low,0.9998,0.0001,0.0001,0.0,LOW,6.0,Rainfall_mm (value: 57.50) | Slope_Angle (value: 20.25) | Humidity (%) (value: 68.00) | Soil Moisture (%) (value: 59.00)
337,402,3636,0.9952,VERY HIGH,Low,0.9996,0.0003,0.0001,0.0001,HIGH,65.7,Rainfall_mm (value: 261.14) | Slope_Angle (value: 36.07) | Humidity (%) (value: 78.00) | Soil Moisture (%) (value: 52.00)
338,1369,2724,0.0,LOW,Low,0.9995,0.0003,0.0001,0.0001,LOW,6.0,Rainfall_mm (value: 129.08) | Slope_Angle (value: 13.13) | Soil Moisture (%) (value: 74.00) | Humidity (%) (value: 50.00)
339,1986,4809,0.0005,LOW,Low,0.9998,0.0001,0.0001,0.0,LOW,6.0,Rainfall_mm (value: 183.52) | Slope_Angle (value: 18.82) | Elevation (m) (value: 799.00) | Humidity (%) (value: 33.00)
340,1534,4178,0.0004,LOW,Low,0.9994,0.0004,0.0001,0.0001,LOW,6.0,Rainfall_mm (value: 196.41) | Slope_Angle (value: 28.92) | Humidity (%) (value: 95.00) | Soil Moisture (%) (value: 46.00)
341,146,2048,1.0,VERY HIGH,Moderate,0.0001,0.9997,0.0001,0.0001,HIGH,78.0,Rainfall_mm (value: 239.61) | Slope_Angle (value: 46.02) | Soil Moisture (%) (value: 85.00) | Humidity (%) (value: 74.00)
342,1171,4146,0.0051,LOW,Low,0.9998,0.0001,0.0001,0.0,LOW,6.3,Rainfall_mm (value: 183.23) | Slope_Angle (value: 26.02) | Elevation (m) (value: 863.00) | Soil Moisture (%) (value: 39.00)
343,863,4780,0.9998,VERY HIGH,Low,0.9998,0.0001,0.0001,0.0,HIGH,66.0,Rainfall_mm (value: 224.10) | Slope_Angle (value: 55.43) | Soil Moisture (%) (value: 60.00) | Elevation (m) (value: 881.00)
344,1734,716,0.0002,LOW,Moderate,0.0001,0.9997,0.0001,0.0001,MODERATE,18.0,Rainfall_mm (value: 63.50) | Slope_Angle (value: 19.08) | Soil Moisture (%) (value: 83.00) | Humidity (%) (value: 75.00)
345,1843,4544,0.0,LOW,Low,0.9997,0.0002,0.0001,0.0001,LOW,6.0,Rainfall_mm (value: 149.53) | Slope_Angle (value: 8.78) | Soil Moisture (%) (value: 70.00) | Humidity (%) (value: 61.00)
346,488,4976,0.9934,VERY HIGH,Low,0.9996,0.0003,0.0001,0.0001,HIGH,65.6,Rainfall_mm (value: 173.92) | Slope_Angle (value: 30.62) | Soil Moisture (%) (value: 69.00) | Humidity (%) (value: 57.00)
347,928,4583,0.9997,VERY HIGH,Low,0.9946,0.0044,0.0006,0.0003,HIGH,66.0,Rainfall_mm (value: 268.34) | Slope_Angle (value: 33.18) | Humidity (%) (value: 93.00) | Soil Moisture (%) (value: 88.00)
348,1959,1823,0.0037,LOW,Low,0.9998,0.0001,0.0001,0.0,LOW,6.2,Rainfall_mm (value: 194.57) | Slope_Angle (value: 28.27) | Humidity (%) (value: 56.00) | Elevation (m) (value: 746.00)
349,1663,2081,0.0002,LOW,Low,0.9996,0.0003,0.0001,0.0001,LOW,6.0,Rainfall_mm (value: 166.49) | Slope_Angle (value: 13.03) | Humidity (%) (value: 90.00) | Soil Moisture (%) (value: 32.00)
350,550,3419,0.9957,VERY HIGH,Low,0.9993,0.0004,0.0002,0.0001,HIGH,65.7,Rainfall_mm (value: 205.72) | Slope_Angle (value: 31.83) | Humidity (%) (value: 71.00) | Elevation (m) (value: 910.00)
351,337,1574,0.9999,VERY HIGH,Low,0.9996,0.0002,0.0001,0.0001,HIGH,66.0,Rainfall_mm (value: 247.62) | Slope_Angle (value: 55.60) | Humidity (%) (value: 83.00) | Soil Moisture (%) (value: 47.00)
352,871,249,0.9924,VERY HIGH,Low,0.9997,0.0002,0.0001,0.0001,HIGH,65.5,Rainfall_mm (value: 199.29) | Slope_Angle (value: 46.08) | Humidity (%) (value: 80.00) | Soil Moisture (%) (value: 54.00)
353,640,673,0.9996,VERY HIGH,Low,0.9997,0.0002,0.0001,0.0001,HIGH,66.0,Rainfall_mm (value: 227.17) | Slope_Angle (value: 27.98) | Soil Moisture (%) (value: 74.00) | Elevation (m) (value: 759.00)
354,1802,4533,0.0004,LOW,Low,0.9998,0.0001,0.0001,0.0,LOW,6.0,Rainfall_mm (value: 111.33) | Slope_Angle (value: 10.15) | Humidity (%) (value: 60.00) | Elevation (m) (value: 816.00)
355,1976,2165,0.0001,LOW,Low,0.9997,0.0002,0.0001,0.0001,LOW,6.0,Rainfall_mm (value: 117.46) | Slope_Angle (value: 11.96) | Soil Moisture (%) (value: 66.00) | Humidity (%) (value: 53.00)
356,472,770,0.9997,VERY HIGH,Low,0.9998,0.0001,0.0001,0.0,HIGH,66.0,Rainfall_mm (value: 187.63) | Slope_Angle (value: 48.66) | Humidity (%) (value: 61.00) | Soil Moisture (%) (value: 55.00)
357,1969,3962,0.0001,LOW,Low,0.9995,0.0003,0.0001,0.0,LOW,6.0,Rainfall_mm (value: 106.22) | Slope_Angle (value: 11.11) | Humidity (%) (value: 88.00) | Soil Moisture (%) (value: 55.00)
358,150,4363,0.9984,VERY HIGH,Low,0.9998,0.0001,0.0001,0.0,HIGH,65.9,Rainfall_mm (value: 189.34) | Slope_Angle (value: 45.83) | Humidity (%) (value: 63.00) | Elevation (m) (value: 935.00)
359,1438,1984,0.0031,LOW,Low,0.9947,0.005,0.0002,0.0001,LOW,6.2,Rainfall_mm (value: 179.59) | Slope_Angle (value: 21.28) | Humidity (%) (value: 87.00) | Soil Moisture (%) (value: 63.00)
360,1321,1077,0.0009,LOW,Low,0.9993,0.0004,0.0002,0.0001,LOW,6.1,Rainfall_mm (value: 166.40) | Slope_Angle (value: 24.94) | Humidity (%) (value: 88.00) | Elevation (m) (value: 475.00)
361,1634,235,0.0002,LOW,Low,0.9998,0.0001,0.0001,0.0,LOW,6.0,Rainfall_mm (value: 93.61) | Slope_Angle (value: 20.37) | Humidity (%) (value: 39.00) | Elevation (m) (value: 603.00)
362,262,388,0.9963,VERY HIGH,Low,0.9987,0.0008,0.0004,0.0001,HIGH,65.8,Rainfall_mm (value: 225.92) | Slope_Angle (value: 40.38) | Humidity (%) (value: 86.00) | Soil Moisture (%) (value: 87.00)
363,1787,3037,0.0002,LOW,Low,0.9998,0.0001,0.0001,0.0,LOW,6.0,Rainfall_mm (value: 189.32) | Slope_Angle (value: 12.68) | Elevation (m) (value: 998.00) | Soil Moisture (%) (value: 52.00)
364,143,4858,0.9999,VERY HIGH,Low,0.9973,0.0023,0.0002,0.0002,HIGH,66.0,Rainfall_mm (value: 182.70) | Slope_Angle (value: 47.58) | Humidity (%) (value: 92.00) | Soil Moisture (%) (value: 61.00)
365,345,1848,0.9986,VERY HIGH,Low,0.9995,0.0003,0.0001,0.0001,HIGH,65.9,Rainfall_mm (value: 190.17) | Slope_Angle (value: 52.62) | Humidity (%) (value: 68.00) | Soil Moisture (%) (value: 70.00)
366,623,4719,0.9989,VERY HIGH,Low,0.9998,0.0001,0.0001,0.0,HIGH,65.9,Rainfall_mm (value: 153.53) | Slope_Angle (value: 40.04) | Humidity (%) (value: 62.00) | Precipitation (mm) (value: 178.00)
367,1016,2814,0.0004,LOW,Low,0.9998,0.0001,0.0001,0.0,LOW,6.0,Rainfall_mm (value: 128.49) | Slope_Angle (value: 7.92) | Soil Moisture (%) (value: 60.00) | Humidity (%) (value: 43.00)
368,1595,3374,0.0,LOW,Low,0.9998,0.0001,0.0001,0.0,LOW,6.0,Rainfall_mm (value: 100.74) | Slope_Angle (value: 25.20) | Humidity (%) (value: 62.00) | Soil Moisture (%) (value: 43.00)
369,880,3278,0.998,VERY HIGH,Moderate,0.0001,0.9997,0.0001,0.0001,HIGH,77.9,Rainfall_mm (value: 165.70) | Slope_Angle (value: 39.80) | Humidity (%) (value: 80.00) | Soil Moisture (%) (value: 79.00)
370,1,1252,0.9863,VERY HIGH,Low,0.9996,0.0002,0.0001,0.0001,HIGH,65.2,Rainfall_mm (value: 218.89) | Slope_Angle (value: 36.68) | Soil Moisture (%) (value: 90.00) | Humidity (%) (value: 54.00)
371,896,3981,0.9995,VERY HIGH,Low,0.9998,0.0001,0.0001,0.0,HIGH,66.0,Rainfall_mm (value: 176.09) | Slope_Angle (value: 37.64) | Soil Moisture (%) (value: 59.00) | Elevation (m) (value: 914.00)
372,1327,4673,0.0005,LOW,Low,0.9995,0.0003,0.0001,0.0001,LOW,6.0,Rainfall_mm (value: 169.96) | Slope_Angle (value: 13.64) | Soil Moisture (%) (value: 71.00) | Elevation (m) (value: 812.00)
373,253,2122,0.9999,VERY HIGH,Moderate,0.0001,0.9998,0.0001,0.0001,HIGH,78.0,Rainfall_mm (value: 268.19) | Slope_Angle (value: 55.26) | Humidity (%) (value: 75.00) | Soil Moisture (%) (value: 66.00)
374,1675,4530,0.001,LOW,Low,0.9992,0.0004,0.0003,0.0002,LOW,6.1,Rainfall_mm (value: 85.17) | Slope_Angle (value: 23.29) | Humidity (%) (value: 92.00) | Soil Moisture (%) (value: 57.00)
375,452,2150,0.9989,VERY HIGH,Low,0.9998,0.0001,0.0001,0.0,HIGH,65.9,Rainfall_mm (value: 292.83) | Slope_Angle (value: 26.48) | Humidity (%) (value: 70.00) | Soil Moisture (%) (value: 42.00)
376,1060,4859,0.0104,LOW,Low,0.9998,0.0001,0.0001,0.0,LOW,6.6,Rainfall_mm (value: 119.09) | Slope_Angle (value: 27.52) | Humidity (%) (value: 48.00) | Elevation (m) (value: 582.00)
377,1183,1329,0.0001,LOW,Low,0.9998,0.0001,0.0001,0.0,LOW,6.0,Rainfall_mm (value: 135.43) | Slope_Angle (value: 23.46) | Humidity (%) (value: 65.00) | Soil Moisture (%) (value: 32.00)
378,1014,1358,0.0004,LOW,Low,0.9995,0.0003,0.0001,0.0001,LOW,6.0,Rainfall_mm (value: 95.25) | Slope_Angle (value: 14.60) | Soil Moisture (%) (value: 81.00) | Elevation (m) (value: 728.00)
379,8,2482,0.9996,VERY HIGH,Low,0.9998,0.0001,0.0001,0.0,HIGH,66.0,Rainfall_mm (value: 290.92) | Slope_Angle (value: 56.32) | Humidity (%) (value: 68.00) | Soil Moisture (%) (value: 59.00)
380,1256,4542,0.0,LOW,Low,0.9992,0.0004,0.0003,0.0001,LOW,6.0,Rainfall_mm (value: 106.45) | Slope_Angle (value: 14.08) | Humidity (%) (value: 94.00) | Soil Moisture (%) (value: 54.00)
381,1122,2017,0.0006,LOW,Low,0.9998,0.0001,0.0001,0.0,LOW,6.0,Rainfall_mm (value: 123.92) | Slope_Angle (value: 9.02) | Humidity (%) (value: 50.00) | Soil Moisture (%) (value: 26.00)
382,1682,1331,0.0,LOW,Low,0.9997,0.0002,0.0001,0.0001,LOW,6.0,Rainfall_mm (value: 166.27) | Slope_Angle (value: 15.83) | Humidity (%) (value: 60.00) | Soil Moisture (%) (value: 62.00)
383,815,4344,0.9981,VERY HIGH,Low,0.9998,0.0001,0.0001,0.0,HIGH,65.9,Rainfall_mm (value: 290.37) | Slope_Angle (value: 41.00) | Humidity (%) (value: 43.00) | Soil Moisture (%) (value: 37.00)
384,207,4261,0.9998,VERY HIGH,Low,0.9997,0.0002,0.0001,0.0001,HIGH,66.0,Rainfall_mm (value: 244.31) | Slope_Angle (value: 50.74) | Humidity (%) (value: 68.00) | Soil Moisture (%) (value: 61.00)
385,1154,1358,0.0006,LOW,Low,0.9995,0.0003,0.0001,0.0001,LOW,6.0,Rainfall_mm (value: 174.93) | Slope_Angle (value: 8.13) | Soil Moisture (%) (value: 81.00) | Elevation (m) (value: 728.00)
386,403,4637,0.9999,VERY HIGH,Low,0.9998,0.0001,0.0001,0.0,HIGH,66.0,Rainfall_mm (value: 235.77) | Slope_Angle (value: 56.75) | Humidity (%) (value: 58.00) | Soil Moisture (%) (value: 23.00)
387,151,4854,0.9996,VERY HIGH,Moderate,0.0002,0.9992,0.0005,0.0001,HIGH,78.0,Rainfall_mm (value: 221.14) | Slope_Angle (value: 37.05) | Humidity (%) (value: 90.00) | Soil Moisture (%) (value: 79.00)
388,53,3177,0.9997,VERY HIGH,Low,0.9998,0.0001,0.0001,0.0,HIGH,66.0,Rainfall_mm (value: 157.21) | Slope_Angle (value: 58.22) | Soil Moisture (%) (value: 53.00) | Humidity (%) (value: 46.00)
389,1143,2128,0.0001,LOW,Low,0.9992,0.0005,0.0003,0.0001,LOW,6.0,Rainfall_mm (value: 155.45) | Slope_Angle (value: 10.40) | Humidity (%) (value: 86.00) | Soil Moisture (%) (value: 35.00)
390,1696,2180,0.0004,LOW,Low,0.9998,0.0001,0.0001,0.0,LOW,6.0,Rainfall_mm (value: 119.05) | Slope_Angle (value: 19.16) | Humidity (%) (value: 67.00) | Soil Moisture (%) (value: 60.00)
391,1943,4892,0.0002,LOW,Low,0.9998,0.0001,0.0001,0.0,LOW,6.0,Rainfall_mm (value: 93.04) | Slope_Angle (value: 13.05) | Elevation (m) (value: 965.00) | Humidity (%) (value: 41.00)
392,627,137,0.9993,VERY HIGH,Low,0.9998,0.0001,0.0001,0.0,HIGH,66.0,Rainfall_mm (value: 150.20) | Slope_Angle (value: 38.23) | Humidity (%) (value: 64.00) | Soil Moisture (%) (value: 47.00)
393,586,3472,0.9998,VERY HIGH,Low,0.9998,0.0001,0.0001,0.0,HIGH,66.0,Rainfall_mm (value: 157.91) | Slope_Angle (value: 49.22) | Humidity (%) (value: 84.00) | Soil Moisture (%) (value: 54.00)
394,1648,2832,0.0118,LOW,Moderate,0.0002,0.9978,0.0018,0.0002,MODERATE,18.7,Rainfall_mm (value: 191.03) | Slope_Angle (value: 24.05) | Humidity (%) (value: 86.00) | Soil Moisture (%) (value: 72.00)
395,1991,3579,0.0075,LOW,Low,0.9992,0.0004,0.0003,0.0001,LOW,6.4,Rainfall_mm (value: 169.56) | Slope_Angle (value: 22.04) | Humidity (%) (value: 88.00) | Soil Moisture (%) (value: 44.00)
396,1443,3031,0.0001,LOW,Moderate,0.0001,0.9997,0.0001,0.0001,MODERATE,18.0,Rainfall_mm (value: 54.42) | Slope_Angle (value: 9.46) | Humidity (%) (value: 73.00) | Soil Moisture (%) (value: 75.00)
397,1445,4164,0.0,LOW,Low,0.9998,0.0001,0.0001,0.0,LOW,6.0,Rainfall_mm (value: 64.14) | Slope_Angle (value: 20.84) | Humidity (%) (value: 41.00) | Soil Moisture (%) (value: 37.00)
398,103,2593,0.998,VERY HIGH,Low,0.9998,0.0001,0.0001,0.0,HIGH,65.9,Rainfall_mm (value: 270.88) | Slope_Angle (value: 26.95) | Humidity (%) (value: 64.00) | Soil Moisture (%) (value: 60.00)
399,1875,4300,0.0009,LOW,Low,0.9997,0.0002,0.0001,0.0001,LOW,6.1,Rainfall_mm (value: 173.12) | Slope_Angle (value: 6.48) | Humidity (%) (value: 84.00) | Elevation (m) (value: 995.00)
400,253,3818,0.9999,VERY HIGH,Low,0.9992,0.0006,0.0002,0.0001,HIGH,66.0,Rainfall_mm (value: 268.19) | Slope_Angle (value: 55.26) | Humidity (%) (value: 88.00) | Elevation (m) (value: 758.00)
401,1250,4138,0.0,LOW,Low,0.9998,0.0001,0.0001,0.0,LOW,6.0,Rainfall_mm (value: 50.04) | Slope_Angle (value: 8.17) | Humidity (%) (value: 44.00) | Soil Moisture (%) (value: 29.00)
402,1135,3823,0.0011,LOW,Moderate,0.0001,0.9997,0.0001,0.0001,MODERATE,18.1,Rainfall_mm (value: 87.65) | Slope_Angle (value: 22.09) | Humidity (%) (value: 74.00) | Soil Moisture (%) (value: 76.00)
403,509,4042,0.9997,VERY HIGH,Low,0.9997,0.0002,0.0001,0.0001,HIGH,66.0,Rainfall_mm (value: 206.17) | Slope_Angle (value: 37.93) | Humidity (%) (value: 59.00) | Soil Moisture (%) (value: 65.00)
404,1496,1906,0.001,LOW,Low,0.9995,0.0003,0.0001,0.0001,LOW,6.1,Rainfall_mm (value: 70.74) | Slope_Angle (value: 29.15) | Soil Moisture (%) (value: 77.00) | Humidity (%) (value: 61.00)
405,98,760,0.9995,VERY HIGH,Low,0.9997,0.0002,0.0001,0.0001,HIGH,66.0,Rainfall_mm (value: 186.37) | Slope_Angle (value: 34.42) | Soil Moisture (%) (value: 70.00) | Humidity (%) (value: 43.00)
406,152,3445,0.9999,VERY HIGH,Low,0.9998,0.0001,0.0001,0.0,HIGH,66.0,Rainfall_mm (value: 186.96) | Slope_Angle (value: 53.67) | Humidity (%) (value: 60.00) | Precipitation (mm) (value: 165.00)
407,1884,899,0.0,LOW,Low,0.9998,0.0001,0.0001,0.0,LOW,6.0,Rainfall_mm (value: 54.98) | Slope_Angle (value: 7.61) | Soil Moisture (%) (value: 55.00) | Humidity (%) (value: 38.00)
408,913,4455,0.9999,VERY HIGH,Low,0.9996,0.0002,0.0001,0.0001,HIGH,66.0,Rainfall_mm (value: 230.00) | Slope_Angle (value: 59.86) | Soil Moisture (%) (value: 66.00) | Humidity (%) (value: 56.00)
409,1919,2947,0.0003,LOW,Low,0.9996,0.0002,0.0001,0.0001,LOW,6.0,Rainfall_mm (value: 151.66) | Slope_Angle (value: 18.65) | Humidity (%) (value: 73.00) | Soil Moisture (%) (value: 53.00)
410,877,1719,0.9979,VERY HIGH,Low,0.9998,0.0001,0.0001,0.0,HIGH,65.9,Rainfall_mm (value: 285.92) | Slope_Angle (value: 26.94) | Soil Moisture (%) (value: 58.00) | Elevation (m) (value: 903.00)
411,337,280,0.9999,VERY HIGH,Moderate,0.0001,0.9998,0.0001,0.0001,HIGH,78.0,Rainfall_mm (value: 247.62) | Slope_Angle (value: 55.60) | Humidity (%) (value: 85.00) | Soil Moisture (%) (value: 68.00)
412,1729,3266,0.0002,LOW,Low,0.9997,0.0002,0.0001,0.0001,LOW,6.0,Rainfall_mm (value: 150.64) | Slope_Angle (value: 5.48) | Humidity (%) (value: 84.00) | Elevation (m) (value: 815.00)
413,821,1887,0.9999,VERY HIGH,Low,0.9996,0.0003,0.0001,0.0001,HIGH,66.0,Rainfall_mm (value: 188.81) | Slope_Angle (value: 37.15) | Soil Moisture (%) (value: 70.00) | Humidity (%) (value: 56.00)
414,1186,3266,0.001,LOW,Low,0.9997,0.0002,0.0001,0.0001,LOW,6.1,Rainfall_mm (value: 176.12) | Slope_Angle (value: 5.84) | Humidity (%) (value: 84.00) | Elevation (m) (value: 815.00)
415,1743,666,0.0001,LOW,Low,0.9998,0.0001,0.0001,0.0,LOW,6.0,Rainfall_mm (value: 173.96) | Slope_Angle (value: 11.55) | Soil Moisture (%) (value: 50.00) | Elevation (m) (value: 787.00)
416,956,4188,0.9994,VERY HIGH,Low,0.9996,0.0003,0.0001,0.0001,HIGH,66.0,Rainfall_mm (value: 265.93) | Slope_Angle (value: 53.11) | Soil Moisture (%) (value: 67.00) | Humidity (%) (value: 49.00)
417,1704,671,0.0001,LOW,Low,0.9997,0.0001,0.0001,0.0001,LOW,6.0,Rainfall_mm (value: 111.23) | Slope_Angle (value: 11.85) | Soil Moisture (%) (value: 86.00) | Humidity (%) (value: 66.00)
418,160,1969,0.9996,VERY HIGH,Low,0.9995,0.0003,0.0001,0.0001,HIGH,66.0,Rainfall_mm (value: 230.92) | Slope_Angle (value: 52.68) | Soil Moisture (%) (value: 88.00) | Humidity (%) (value: 47.00)
419,1603,4156,0.0,LOW,Low,0.9998,0.0001,0.0001,0.0,LOW,6.0,Rainfall_mm (value: 130.44) | Slope_Angle (value: 11.87) | Humidity (%) (value: 57.00) | Soil Moisture (%) (value: 40.00)
420,800,3122,1.0,VERY HIGH,High,0.0002,0.0003,0.9992,0.0003,CRITICAL,90.0,Rainfall_mm (value: 195.67) | Slope_Angle (value: 59.40) | Humidity (%) (value: 90.00) | Soil Moisture (%) (value: 87.00)
421,397,4699,1.0,VERY HIGH,Low,0.9997,0.0001,0.0001,0.0001,HIGH,66.0,Rainfall_mm (value: 178.18) | Slope_Angle (value: 50.19) | Soil Moisture (%) (value: 72.00) | Humidity (%) (value: 47.00)
422,1300,4777,0.001,LOW,Low,0.9998,0.0001,0.0001,0.0,LOW,6.1,Rainfall_mm (value: 151.03) | Slope_Angle (value: 7.88) | Soil Moisture (%) (value: 59.00) | Elevation (m) (value: 896.00)
423,815,3900,0.9981,VERY HIGH,Low,0.9997,0.0002,0.0001,0.0001,HIGH,65.9,Rainfall_mm (value: 290.37) | Slope_Angle (value: 41.00) | Soil Moisture (%) (value: 78.00) | Humidity (%) (value: 56.00)
424,1939,523,0.0001,LOW,Low,0.9998,0.0001,0.0001,0.0,LOW,6.0,Rainfall_mm (value: 68.98) | Slope_Angle (value: 14.64) | Humidity (%) (value: 62.00) | Soil Moisture (%) (value: 55.00)
425,1527,2393,0.0007,LOW,Low,0.9996,0.0003,0.0001,0.0001,LOW,6.0,Rainfall_mm (value: 136.84) | Slope_Angle (value: 21.18) | Humidity (%) (value: 85.00) | Soil Moisture (%) (value: 51.00)
426,1919,3117,0.0003,LOW,Low,0.9998,0.0001,0.0001,0.0,LOW,6.0,Rainfall_mm (value: 151.66) | Slope_Angle (value: 18.65) | Elevation (m) (value: 832.00) | Humidity (%) (value: 34.00)
427,1415,2593,0.0,LOW,Low,0.9998,0.0001,0.0001,0.0,LOW,6.0,Rainfall_mm (value: 72.96) | Slope_Angle (value: 17.64) | Humidity (%) (value: 64.00) | Soil Moisture (%) (value: 60.00)
428,1158,1968,0.0006,LOW,Low,0.9997,0.0002,0.0001,0.0001,LOW,6.0,Rainfall_mm (value: 132.14) | Slope_Angle (value: 21.01) | Soil Moisture (%) (value: 80.00) | Elevation (m) (value: 968.00)
429,1218,1753,0.0002,LOW,Low,0.9995,0.0003,0.0001,0.0001,LOW,6.0,Rainfall_mm (value: 68.19) | Slope_Angle (value: 7.84) | Soil Moisture (%) (value: 76.00) | Humidity (%) (value: 52.00)
430,400,2296,0.9975,VERY HIGH,Low,0.9996,0.0003,0.0001,0.0001,HIGH,65.8,Rainfall_mm (value: 244.43) | Slope_Angle (value: 26.90) | Soil Moisture (%) (value: 64.00) | Elevation (m) (value: 755.00)
431,639,2261,0.9972,VERY HIGH,Low,0.9998,0.0001,0.0001,0.0,HIGH,65.8,Rainfall_mm (value: 233.15) | Slope_Angle (value: 30.19) | Elevation (m) (value: 738.00) | Humidity (%) (value: 36.00)
432,1056,2286,0.001,LOW,Low,0.9997,0.0002,0.0001,0.0001,LOW,6.1,Rainfall_mm (value: 129.85) | Slope_Angle (value: 12.58) | Humidity (%) (value: 72.00) | Soil Moisture (%) (value: 49.00)
433,687,4202,0.9971,VERY HIGH,Low,0.999,0.0007,0.0002,0.0001,HIGH,65.8,Rainfall_mm (value: 299.11) | Slope_Angle (value: 25.39) | Humidity (%) (value: 92.00) | Soil Moisture (%) (value: 70.00)
434,459,2878,0.9993,VERY HIGH,Low,0.9997,0.0001,0.0001,0.0001,HIGH,66.0,Rainfall_mm (value: 255.93) | Slope_Angle (value: 43.70) | Soil Moisture (%) (value: 75.00) | Humidity (%) (value: 41.00)
435,954,4143,1.0,VERY HIGH,Moderate,0.0001,0.9998,0.0001,0.0001,HIGH,78.0,Rainfall_mm (value: 210.38) | Slope_Angle (value: 57.20) | Humidity (%) (value: 79.00) | Soil Moisture (%) (value: 64.00)
436,1906,3644,0.0034,LOW,Low,0.9998,0.0001,0.0001,0.0,LOW,6.2,Rainfall_mm (value: 89.12) | Slope_Angle (value: 22.07) | Humidity (%) (value: 40.00) | Soil Moisture (%) (value: 42.00)
437,469,4432,0.9983,VERY HIGH,High,0.0001,0.0002,0.9994,0.0003,CRITICAL,89.9,Rainfall_mm (value: 161.11) | Slope_Angle (value: 46.19) | Humidity (%) (value: 95.00) | Soil Moisture (%) (value: 83.00)
438,1398,2055,0.0002,LOW,Low,0.9998,0.0001,0.0001,0.0,LOW,6.0,Rainfall_mm (value: 196.99) | Slope_Angle (value: 10.65) | Elevation (m) (value: 993.00) | Humidity (%) (value: 54.00)
439,1045,4720,0.003,LOW,Low,0.9995,0.0003,0.0001,0.0001,LOW,6.2,Rainfall_mm (value: 65.98) | Slope_Angle (value: 22.21) | Soil Moisture (%) (value: 72.00) | Humidity (%) (value: 56.00)
440,749,1276,0.9999,VERY HIGH,Low,0.9998,0.0001,0.0001,0.0,HIGH,66.0,Rainfall_mm (value: 253.32) | Slope_Angle (value: 44.32) | Humidity (%) (value: 49.00) | Elevation (m) (value: 835.00)
441,1693,2766,0.0017,LOW,Low,0.9995,0.0003,0.0001,0.0001,LOW,6.1,Rainfall_mm (value: 131.72) | Slope_Angle (value: 8.51) | Soil Moisture (%) (value: 89.00) | Humidity (%) (value: 54.00)
442,37,302,0.9996,VERY HIGH,Low,0.9996,0.0003,0.0001,0.0001,HIGH,66.0,Rainfall_mm (value: 220.49) | Slope_Angle (value: 34.78) | Soil Moisture (%) (value: 80.00) | Humidity (%) (value: 53.00)
443,229,638,0.9987,VERY HIGH,Low,0.9998,0.0001,0.0001,0.0,HIGH,65.9,Rainfall_mm (value: 232.27) | Slope_Angle (value: 45.88) | Humidity (%) (value: 48.00) | Precipitation (mm) (value: 220.00)
444,1388,55,0.0005,LOW,Low,0.9997,0.0002,0.0001,0.0001,LOW,6.0,Rainfall_mm (value: 122.75) | Slope_Angle (value: 12.64) | Soil Moisture (%) (value: 77.00) | Humidity (%) (value: 53.00)
445,562,4821,0.9928,VERY HIGH,Low,0.9998,0.0001,0.0001,0.0,HIGH,65.6,Rainfall_mm (value: 175.61) | Slope_Angle (value: 26.07) | Humidity (%) (value: 66.00) | Elevation (m) (value: 900.00)
446,437,525,0.9437,VERY HIGH,Low,0.9994,0.0002,0.0002,0.0001,HIGH,62.6,Rainfall_mm (value: 163.61) | Slope_Angle (value: 26.14) | Humidity (%) (value: 94.00) | Soil Moisture (%) (value: 46.00)
447,1799,4569,0.0004,LOW,Low,0.9996,0.0003,0.0001,0.0001,LOW,6.0,Rainfall_mm (value: 182.77) | Slope_Angle (value: 6.12) | Soil Moisture (%) (value: 64.00) | Precipitation (mm) (value: 172.00)
448,1306,4123,0.0008,LOW,Low,0.9998,0.0001,0.0001,0.0,LOW,6.0,Rainfall_mm (value: 77.18) | Slope_Angle (value: 25.26) | Humidity (%) (value: 61.00) | Soil Moisture (%) (value: 60.00)
449,26,2125,0.9997,VERY HIGH,Low,0.9998,0.0001,0.0001,0.0,HIGH,66.0,Rainfall_mm (value: 238.63) | Slope_Angle (value: 48.71) | Humidity (%) (value: 55.00) | Soil Moisture (%) (value: 36.00)
450,225,3287,0.9982,VERY HIGH,Low,0.9997,0.0002,0.0001,0.0001,HIGH,65.9,Rainfall_mm (value: 202.29) | Slope_Angle (value: 30.58) | Soil Moisture (%) (value: 67.00) | Humidity (%) (value: 47.00)
451,1300,364,0.001,LOW,Low,0.9998,0.0001,0.0001,0.0,LOW,6.1,Rainfall_mm (value: 151.03) | Slope_Angle (value: 7.88) | Humidity (%) (value: 47.00) | Precipitation (mm) (value: 131.00)
452,797,4621,0.9995,VERY HIGH,Low,0.9998,0.0001,0.0001,0.0,HIGH,66.0,Rainfall_mm (value: 243.18) | Slope_Angle (value: 29.23) | Humidity (%) (value: 63.00) | Precipitation (mm) (value: 158.00)
453,1632,4978,0.0002,LOW,Low,0.9997,0.0002,0.0001,0.0001,LOW,6.0,Rainfall_mm (value: 162.25) | Slope_Angle (value: 26.72) | Humidity (%) (value: 83.00) | Soil Moisture (%) (value: 28.00)
454,283,1646,0.9989,VERY HIGH,Low,0.9998,0.0001,0.0001,0.0,HIGH,65.9,Rainfall_mm (value: 164.25) | Slope_Angle (value: 38.16) | Humidity (%) (value: 51.00) | Elevation (m) (value: 478.00)
455,878,918,0.9999,VERY HIGH,Low,0.9998,0.0001,0.0001,0.0,HIGH,66.0,Rainfall_mm (value: 165.52) | Slope_Angle (value: 47.98) | Humidity (%) (value: 30.00) | Soil Moisture (%) (value: 29.00)
456,959,2797,0.9989,VERY HIGH,Low,0.9996,0.0003,0.0001,0.0001,HIGH,65.9,Rainfall_mm (value: 207.57) | Slope_Angle (value: 59.02) | Soil Moisture (%) (value: 67.00) | Humidity (%) (value: 40.00)
457,1504,1531,0.0011,LOW,Low,0.9998,0.0001,0.0001,0.0,LOW,6.1,Rainfall_mm (value: 130.63) | Slope_Angle (value: 29.88) | Humidity (%) (value: 33.00) | Precipitation (mm) (value: 154.00)
458,452,3345,0.9989,VERY HIGH,Low,0.9996,0.0002,0.0001,0.0001,HIGH,65.9,Rainfall_mm (value: 292.83) | Slope_Angle (value: 26.48) | Soil Moisture (%) (value: 84.00) | Humidity (%) (value: 63.00)
459,1019,1906,0.0011,LOW,Low,0.9995,0.0003,0.0001,0.0001,LOW,6.1,Rainfall_mm (value: 165.08) | Slope_Angle (value: 29.32) | Soil Moisture (%) (value: 77.00) | Humidity (%) (value: 61.00)
460,1852,3086,0.0053,LOW,Low,0.9995,0.0002,0.0002,0.0001,LOW,6.3,Rainfall_mm (value: 133.58) | Slope_Angle (value: 10.17) | Humidity (%) (value: 93.00) | Elevation (m) (value: 813.00)
461,815,4580,0.9981,VERY HIGH,Low,0.9998,0.0001,0.0001,0.0,HIGH,65.9,Rainfall_mm (value: 290.37) | Slope_Angle (value: 41.00) | Precipitation (mm) (value: 248.00) | Humidity (%) (value: 42.00)
462,658,2075,0.9982,VERY HIGH,Low,0.9998,0.0001,0.0001,0.0,HIGH,65.9,Rainfall_mm (value: 200.71) | Slope_Angle (value: 29.44) | Humidity (%) (value: 49.00) | Elevation (m) (value: 621.00)
463,1539,713,0.0001,LOW,Low,0.9995,0.0003,0.0001,0.0001,LOW,6.0,Rainfall_mm (value: 162.67) | Slope_Angle (value: 28.33) | Soil Moisture (%) (value: 79.00) | Precipitation (mm) (value: 213.00)
464,546,1062,0.9998,VERY HIGH,Moderate,0.0002,0.9996,0.0001,0.0001,HIGH,78.0,Rainfall_mm (value: 234.51) | Slope_Angle (value: 53.13) | Humidity (%) (value: 77.00) | Soil Moisture (%) (value: 67.00)
465,1215,1976,0.0003,LOW,Low,0.9995,0.0003,0.0001,0.0001,LOW,6.0,Rainfall_mm (value: 109.87) | Slope_Angle (value: 15.39) | Soil Moisture (%) (value: 71.00) | Elevation (m) (value: 921.00)
466,1072,1296,0.0,LOW,Low,0.9998,0.0001,0.0001,0.0,LOW,6.0,Rainfall_mm (value: 149.07) | Slope_Angle (value: 16.77) | Humidity (%) (value: 38.00) | Soil Moisture (%) (value: 29.00)
467,1535,125,0.0,LOW,Low,0.9998,0.0001,0.0001,0.0,LOW,6.0,Rainfall_mm (value: 108.91) | Slope_Angle (value: 20.40) | Humidity (%) (value: 69.00) | Precipitation (mm) (value: 211.00)
468,16,4632,0.9983,VERY HIGH,Low,0.9996,0.0003,0.0001,0.0001,HIGH,65.9,Rainfall_mm (value: 286.13) | Slope_Angle (value: 33.73) | Humidity (%) (value: 74.00) | Soil Moisture (%) (value: 42.00)
469,1195,3596,0.0036,LOW,Moderate,0.0001,0.9997,0.0001,0.0001,MODERATE,18.2,Rainfall_mm (value: 176.06) | Slope_Angle (value: 21.20) | Humidity (%) (value: 79.00) | Soil Moisture (%) (value: 62.00)
470,1243,3283,0.0019,LOW,Low,0.9996,0.0003,0.0001,0.0001,LOW,6.1,Rainfall_mm (value: 192.72) | Slope_Angle (value: 14.04) | Soil Moisture (%) (value: 64.00) | Humidity (%) (value: 47.00)
471,157,1603,0.9973,VERY HIGH,Low,0.9998,0.0001,0.0001,0.0,HIGH,65.8,Rainfall_mm (value: 259.65) | Slope_Angle (value: 31.74) | Humidity (%) (value: 66.00) | Soil Moisture (%) (value: 45.00)
472,476,66,0.9999,VERY HIGH,Low,0.9997,0.0002,0.0001,0.0001,HIGH,66.0,Rainfall_mm (value: 178.28) | Slope_Angle (value: 48.54) | Soil Moisture (%) (value: 64.00) | Humidity (%) (value: 53.00)
473,1069,232,0.0,LOW,Low,0.9988,0.0009,0.0001,0.0001,LOW,6.0,Rainfall_mm (value: 196.00) | Slope_Angle (value: 24.76) | Humidity (%) (value: 77.00) | Soil Moisture (%) (value: 81.00)
474,1396,2156,0.0006,LOW,Low,0.9998,0.0001,0.0001,0.0,LOW,6.0,Rainfall_mm (value: 105.50) | Slope_Angle (value: 23.52) | Humidity (%) (value: 63.00) | Soil Moisture (%) (value: 60.00)
475,517,1169,0.9997,VERY HIGH,Low,0.9998,0.0001,0.0001,0.0,HIGH,66.0,Rainfall_mm (value: 214.66) | Slope_Angle (value: 44.23) | Humidity (%) (value: 60.00) | Precipitation (mm) (value: 238.00)
476,98,2158,0.9995,VERY HIGH,Low,0.9997,0.0002,0.0001,0.0001,HIGH,66.0,Rainfall_mm (value: 186.37) | Slope_Angle (value: 34.42) | Soil Moisture (%) (value: 73.00) | Humidity (%) (value: 32.00)
477,1915,4206,0.0,LOW,Low,0.9998,0.0001,0.0001,0.0,LOW,6.0,Rainfall_mm (value: 56.38) | Slope_Angle (value: 15.49) | Humidity (%) (value: 40.00) | Precipitation (mm) (value: 126.00)
478,1768,1493,0.0003,LOW,Low,0.9997,0.0002,0.0001,0.0001,LOW,6.0,Rainfall_mm (value: 112.36) | Slope_Angle (value: 24.67) | Soil Moisture (%) (value: 71.00) | Humidity (%) (value: 58.00)
479,1060,4718,0.0104,LOW,Low,0.9995,0.0003,0.0001,0.0001,LOW,6.6,Rainfall_mm (value: 119.09) | Slope_Angle (value: 27.52) | Soil Moisture (%) (value: 78.00) | Humidity (%) (value: 31.00)
480,279,4007,0.998,VERY HIGH,Low,0.9998,0.0001,0.0001,0.0,HIGH,65.9,Rainfall_mm (value: 162.39) | Slope_Angle (value: 43.01) | Soil Moisture (%) (value: 59.00) | Humidity (%) (value: 45.00)
481,1372,2472,0.002,LOW,Low,0.9998,0.0001,0.0001,0.0,LOW,6.1,Rainfall_mm (value: 116.57) | Slope_Angle (value: 19.27) | Humidity (%) (value: 68.00) | Elevation (m) (value: 762.00)
482,496,2660,0.9997,VERY HIGH,Low,0.9995,0.0003,0.0001,0.0001,HIGH,66.0,Rainfall_mm (value: 174.86) | Slope_Angle (value: 56.18) | Soil Moisture (%) (value: 73.00) | Elevation (m) (value: 921.00)
483,301,2739,0.9992,VERY HIGH,Low,0.9997,0.0002,0.0001,0.0001,HIGH,66.0,Rainfall_mm (value: 176.02) | Slope_Angle (value: 47.31) | Humidity (%) (value: 76.00) | Elevation (m) (value: 774.00)
484,180,1761,0.9999,VERY HIGH,Low,0.9998,0.0001,0.0001,0.0,HIGH,66.0,Rainfall_mm (value: 242.54) | Slope_Angle (value: 59.34) | Humidity (%) (value: 47.00) | Precipitation (mm) (value: 195.00)
485,606,3514,0.9998,VERY HIGH,Low,0.9954,0.0035,0.0007,0.0005,HIGH,66.0,Rainfall_mm (value: 212.72) | Slope_Angle (value: 51.50) | Soil Moisture (%) (value: 82.00) | Humidity (%) (value: 71.00)
486,1122,1975,0.0006,LOW,Low,0.9997,0.0002,0.0001,0.0001,LOW,6.0,Rainfall_mm (value: 123.92) | Slope_Angle (value: 9.02) | Humidity (%) (value: 83.00) | Elevation (m) (value: 902.00)
487,699,2362,0.9978,VERY HIGH,Low,0.9998,0.0001,0.0001,0.0,HIGH,65.9,Rainfall_mm (value: 152.19) | Slope_Angle (value: 37.61) | Soil Moisture (%) (value: 56.00) | Elevation (m) (value: 811.00)
488,992,876,0.9982,VERY HIGH,Low,0.9995,0.0003,0.0001,0.0001,HIGH,65.9,Rainfall_mm (value: 159.54) | Slope_Angle (value: 44.31) | Humidity (%) (value: 68.00) | Soil Moisture (%) (value: 71.00)
489,1139,3812,0.0002,LOW,Moderate,0.0004,0.9989,0.0005,0.0002,MODERATE,18.0,Rainfall_mm (value: 125.66) | Slope_Angle (value: 19.63) | Humidity (%) (value: 86.00) | Soil Moisture (%) (value: 67.00)
490,190,3448,0.9993,VERY HIGH,Low,0.9995,0.0002,0.0002,0.0001,HIGH,66.0,Rainfall_mm (value: 205.28) | Slope_Angle (value: 55.25) | Humidity (%) (value: 94.00) | Elevation (m) (value: 931.00)
491,252,1312,1.0,VERY HIGH,Low,0.9996,0.0002,0.0001,0.0001,HIGH,66.0,Rainfall_mm (value: 298.87) | Slope_Angle (value: 57.45) | Soil Moisture (%) (value: 87.00) | Humidity (%) (value: 67.00)
492,980,1460,0.9973,VERY HIGH,Low,0.9998,0.0001,0.0001,0.0,HIGH,65.8,Rainfall_mm (value: 249.60) | Slope_Angle (value: 36.84) | Humidity (%) (value: 68.00) | Soil Moisture (%) (value: 59.00)
493,927,2709,0.9995,VERY HIGH,Low,0.9998,0.0001,0.0001,0.0,HIGH,66.0,Rainfall_mm (value: 161.86) | Slope_Angle (value: 40.66) | Humidity (%) (value: 39.00) | Soil Moisture (%) (value: 42.00)
494,1184,2324,0.009,LOW,Low,0.9998,0.0001,0.0001,0.0,LOW,6.5,Rainfall_mm (value: 112.16) | Slope_Angle (value: 22.24) | Elevation (m) (value: 866.00) | Humidity (%) (value: 36.00)
495,1279,1733,0.0022,LOW,Low,0.9998,0.0001,0.0001,0.0,LOW,6.1,Rainfall_mm (value: 191.87) | Slope_Angle (value: 28.25) | Elevation (m) (value: 645.00) | Humidity (%) (value: 34.00)
496,1346,1605,0.0001,LOW,Moderate,0.0001,0.9997,0.0001,0.0001,MODERATE,18.0,Rainfall_mm (value: 65.15) | Slope_Angle (value: 20.24) | Humidity (%) (value: 77.00) | Soil Moisture (%) (value: 63.00)
497,127,2563,0.9994,VERY HIGH,Low,0.9997,0.0002,0.0001,0.0001,HIGH,66.0,Rainfall_mm (value: 288.44) | Slope_Angle (value: 41.30) | Soil Moisture (%) (value: 74.00) | Humidity (%) (value: 38.00)
498,17,3421,0.9998,VERY HIGH,Low,0.9992,0.0004,0.0003,0.0001,HIGH,66.0,Rainfall_mm (value: 254.22) | Slope_Angle (value: 55.82) | Humidity (%) (value: 92.00) | Soil Moisture (%) (value: 53.00)
499,1816,3517,0.0002,LOW,Low,0.9997,0.0002,0.0001,0.0001,LOW,6.0,Rainfall_mm (value: 199.22) | Slope_Angle (value: 7.87) | Humidity (%) (value: 72.00) | Elevation (m) (value: 810.00)
500,1758,2397,0.0018,LOW,Low,0.9977,0.0012,0.0009,0.0002,LOW,6.1,Rainfall_mm (value: 151.06) | Slope_Angle (value: 5.19) | Humidity (%) (value: 87.00) | Soil Moisture (%) (value: 87.00)
