rank,latitude,longitude,Slope_Angle,Soil_Saturation,Vegetation_Cover,baseline_probability,max_abs_sensitivity_change
1,23.74944444444445,86.41583333333334,0.0,0.9839,0.5842,0.90275,0.829108
2,23.758333333333336,86.41555555555557,14.6486,0.105,0.4507,0.125803,0.786562
3,23.75166666666667,86.42416666666668,9.7148,0.1236,0.5041,0.118178,0.779481
4,23.74888888888889,86.42305555555556,9.5415,0.1188,0.5009,0.135503,0.777746
5,23.74916666666667,86.42305555555556,9.473,0.12,0.501,0.139322,0.775947
6,23.75805555555556,86.41666666666667,14.7946,0.1114,0.4489,0.15061,0.774726
7,23.758333333333336,86.41583333333334,12.4795,0.1411,0.4697,0.116267,0.770563
8,23.758611111111115,86.41555555555557,11.4978,0.1286,0.4865,0.084426,0.770115
9,23.74694444444445,86.42055555555557,7.2407,0.1441,0.5304,0.121729,0.768659
10,23.757777777777783,86.41305555555556,9.8169,0.1205,0.5032,0.074884,0.768548
11,23.75805555555556,86.41527777777779,13.5789,0.1401,0.4545,0.140497,0.766815
12,23.758333333333336,86.41666666666667,11.0597,0.146,0.4898,0.099743,0.765619
13,23.74805555555556,86.42222222222223,7.2711,0.1502,0.5297,0.120254,0.765491
14,23.74916666666667,86.42277777777778,8.8019,0.1381,0.5071,0.148146,0.765103
15,23.75416666666667,86.42111111111112,8.1984,0.1368,0.5185,0.15004,0.764931
16,23.75805555555556,86.4163888888889,13.2509,0.1446,0.4663,0.141082,0.764586
17,23.756944444444446,86.4188888888889,10.24,0.1472,0.4891,0.137607,0.764324
18,23.75805555555556,86.41555555555557,17.9285,0.0884,0.4211,0.184962,0.762276
19,23.756388888888893,86.41333333333334,11.555,0.1559,0.4863,0.128011,0.761785
20,23.757777777777783,86.41722222222224,11.2565,0.1554,0.4774,0.133237,0.761247
21,23.747222222222227,86.42055555555557,6.822,0.1567,0.5341,0.130461,0.761036
22,23.751388888888894,86.42444444444445,8.4821,0.1583,0.5137,0.113384,0.760723
23,23.74777777777778,86.42222222222223,6.822,0.1587,0.5331,0.113513,0.760498
24,23.75666666666667,86.41916666666667,13.1114,0.1092,0.4573,0.178546,0.760377
25,23.757777777777783,86.41694444444445,15.4537,0.1114,0.4404,0.178363,0.759805
26,23.756944444444446,86.41861111111112,10.8952,0.1481,0.4826,0.151211,0.75965
27,23.75444444444445,86.42055555555557,9.4113,0.124,0.5017,0.172771,0.758923
28,23.75805555555556,86.41583333333334,13.4323,0.1504,0.4551,0.151078,0.758687
29,23.75416666666667,86.42083333333335,8.8553,0.1335,0.5108,0.168176,0.757998
30,23.751944444444447,86.4238888888889,7.8112,0.1636,0.5211,0.119073,0.757959
31,23.74916666666667,86.42250000000001,8.5062,0.148,0.5108,0.157737,0.757141
32,23.74916666666667,86.42194444444445,9.3413,0.1276,0.5076,0.17414,0.756925
33,23.75444444444445,86.42083333333335,7.5417,0.1544,0.5206,0.151253,0.756842
34,23.75805555555556,86.41333333333334,9.474,0.1325,0.5041,0.071765,0.756511
35,23.74888888888889,86.42250000000001,8.0785,0.1553,0.5136,0.151145,0.756474
36,23.756388888888893,86.41944444444445,11.2919,0.1432,0.4883,0.164196,0.756247
37,23.757777777777783,86.41472222222224,12.083,0.1675,0.4705,0.133437,0.754908
38,23.757777777777783,86.415,13.9012,0.1518,0.4525,0.160067,0.754575
39,23.75611111111112,86.41333333333334,10.9857,0.1699,0.4943,0.132613,0.753726
40,23.74888888888889,86.42222222222223,8.0568,0.1555,0.5151,0.158564,0.753614
41,23.757777777777783,86.41444444444446,11.021,0.1701,0.4842,0.112541,0.753431
42,23.750277777777782,86.42277777777778,7.051,0.1681,0.534,0.140223,0.753389
43,23.74666666666667,86.42166666666668,6.5541,0.1643,0.538,0.098768,0.753323
44,23.74888888888889,86.42333333333335,7.4343,0.1718,0.5241,0.123249,0.753249
45,23.74888888888889,86.42277777777778,7.5963,0.1662,0.513,0.145224,0.75315
46,23.752222222222223,86.42361111111111,7.3525,0.172,0.5228,0.124683,0.753122
47,23.756944444444446,86.41833333333334,11.7136,0.1459,0.471,0.16952,0.752646
48,23.752500000000005,86.42333333333335,7.1326,0.1729,0.5261,0.126521,0.752554
49,23.74888888888889,86.42194444444445,8.1445,0.15,0.5129,0.166383,0.752526
50,23.757777777777783,86.41277777777779,8.2045,0.1388,0.5146,0.072442,0.752421
